id,domain,status,purchase_price,renewal_price,attractiveness,demand,length,registrar,created_at,expires_at,status_verified_at
964a90cd-67c5-4b5b-8229-581f6d2fcdf7,fca.luxe,premium,220,16.27,high,low,3,dynadot,,,30/09/2026 19:55
a65c4257-1c97-4789-add3-8053adf96bc2,strike.luxe,available,19.49,19.49,high,low,6,namesilo,,,25/08/2026 00:52
9152d335-8f02-4c3a-929f-3035642522fc,wittgenstein.luxe,available,19.49,19.49,medium,low,12,namesilo,,,29/09/2026 09:48
062a0dde-c6c4-4714-9035-58f925ad97fc,tens.luxe,premium,,,medium,low,4,,,,29/09/2026 03:02
b2b0d4e8-a04e-4614-a2e4-447992697ec3,liberate.luxe,available,19.49,19.49,high,low,8,namesilo,,,18/08/2026 14:32
bcb70cef-6fe3-4399-aa3a-d90b40191390,cereals.luxe,available,19.49,19.49,medium,low,7,namesilo,,,02/10/2026 23:32
5e56c648-03a0-4a7a-9d6b-54afa817ba0c,mannered.luxe,available,19.49,19.49,high,low,8,namesilo,,,24/08/2026 15:18
cd22061a-ce3f-4cb6-bee8-c44dde28452f,consultative.luxe,available,15.73,15.73,high,low,12,spaceship,,,30/09/2026 20:07
1ad93c88-940e-4e1d-8148-71090dd1f775,squally.luxe,available,19.49,19.49,low,low,7,namesilo,,,10/09/2026 17:18
6987fd41-b256-4790-a9de-8bbe33718600,artaxerxes.luxe,available,19.49,19.49,medium,low,10,namesilo,,,20/09/2026 10:06
3a04ea43-224f-49d1-b6ed-c14ded4b10ff,whipping.luxe,premium,5000,27.99,medium,low,8,name.com,,,22/08/2026 20:12
04e1b670-9654-4990-8f4e-f74139d07c43,burdens.luxe,available,15.2,15.2,medium,low,7,cloudflare,,,02/10/2026 22:35
45a98762-4fe8-4036-a919-b122ead9b0e9,tess.luxe,available,19.49,19.49,medium,low,4,namesilo,,,28/09/2026 21:56
77aaff32-ee8a-45f8-8c13-887acc2c7989,premise.luxe,available,19.49,19.49,high,low,7,namesilo,,,20/09/2026 16:37
19e9884c-aebf-4c78-9640-403a6fc532a3,hilar.luxe,available,19.49,19.49,medium,low,5,namesilo,,,21/08/2026 09:19
beb2fbce-858f-45e1-b2ad-c225981952b3,notifiable.luxe,available,19.49,19.49,medium,low,10,namesilo,,,03/09/2026 22:10
9ca9bc71-5a87-4bb0-ab1d-f32b25a1f479,fairest.luxe,available,15.73,15.73,medium,low,7,spaceship,,,02/10/2026 22:09
89f5ddec-4184-4e3b-abdf-583c089e4b25,intimidation.luxe,available,19.49,19.49,medium,low,12,namesilo,,,30/09/2026 06:21
202c3c98-b047-4657-a208-5c70b67a6689,historically.luxe,available,19.49,19.49,medium,low,12,namesilo,,,29/09/2026 08:34
2a4ef9cc-c75e-468a-be9e-8d892e694984,chariot.luxe,available,19.49,19.49,high,low,7,namesilo,,,29/09/2026 11:53
dd9a7b50-2911-45d8-b56a-b64dc62a7678,amylaceous.luxe,available,19.49,19.49,medium,low,10,namesilo,,,
686acd9b-3832-49c4-ac68-55d4bf3b3b9d,pinned.luxe,available,19.49,19.49,medium,low,6,namesilo,,,28/09/2026 05:02
73cec1d6-8436-4e66-9a0f-78b95fdd3db6,synchro.luxe,available,15.73,15.73,high,low,7,spaceship,,,02/10/2026 06:22
a28ece49-0184-41f6-bc4c-1bd2810264c2,sported.luxe,available,19.49,19.49,medium,low,7,namesilo,,,20/09/2026 16:50
4f3d719c-15d9-4e75-a0b4-ab39ab581807,vestibule.luxe,available,19.49,19.49,high,low,9,namesilo,,,19/09/2026 12:47
aff4074c-a9e5-4d23-9354-999db147bd1a,ajuga.luxe,available,19.49,19.49,medium,low,5,namesilo,,,17/09/2026 23:42
5edd3bc6-f12e-45f6-84c8-1e61ce15c34a,vestal.luxe,available,19.49,19.49,medium,low,6,namesilo,,,13/09/2026 04:47
5309afe5-07f3-42b9-9fec-51c7cee03e79,synonym.luxe,available,19.49,19.49,high,low,7,namesilo,,,03/10/2026 00:41
6d6bb22d-3a7b-432d-b3e0-d829e4bd2f21,lark.luxe,available,15.73,15.73,high,low,4,spaceship,,,30/09/2026 09:46
2b4e7da7-f5d4-4378-8131-51bdb57250b8,stahl.luxe,available,15.73,15.73,high,low,5,spaceship,,,29/09/2026 11:00
d42f702e-066e-4b75-accd-6ce4c3348957,knife.luxe,available,19.49,19.49,high,low,5,namesilo,,,25/09/2026 23:24
9fbfa807-98d8-44b3-a078-a1f885a53f8c,embankment.luxe,available,19.49,19.49,high,low,10,namesilo,,,03/10/2026 00:38
5f2a93fc-b528-4c51-9bea-28401d898397,jest.luxe,available,19.49,19.49,high,low,4,namesilo,,,01/10/2026 19:41
5c75cafa-43fd-4c2d-92e7-d7ba18fe9e9c,stupe.luxe,available,19.49,19.49,medium,low,5,namesilo,,,10/09/2026 23:06
50c51742-08d8-492f-8ce7-cb97615f52c8,surf.luxe,premium,854,17.7,high,low,4,namesilo,,,24/09/2026 08:25
7aba1e16-3de9-44c7-be49-d11c331c47af,trashy.luxe,available,19.49,19.49,medium,low,6,namesilo,,,18/08/2026 06:44
a89b13b6-e472-423c-bd5a-3ac3030c1987,scaled.luxe,available,19.49,19.49,high,low,6,namesilo,,,09/09/2026 22:20
d633fec5-98d2-4567-8637-fb531548124e,floating.luxe,available,27.99,27.99,high,low,8,name.com,,,14/08/2026 19:14
38a51089-53f1-4e0d-a9ad-d63e6edb7eaf,samoan.luxe,available,,,high,medium,6,,,,09/09/2026 21:09
2d789055-1360-4674-a6ef-3ed6e62c6a73,filtering.luxe,available,19.49,19.49,high,low,9,namesilo,,,30/09/2026 23:23
588c6340-e536-44b3-bd63-1286e2b3a7b3,portsmouth.luxe,available,19.49,19.49,high,low,10,namesilo,,,25/09/2026 10:02
4a2237c0-9295-4dc8-8742-273bf7215348,narration.luxe,available,19.49,19.49,high,low,9,namesilo,,,03/09/2026 13:18
4c0ee1c2-ca2d-4757-84d9-aa726fed3f1c,palish.luxe,available,19.49,19.49,medium,low,6,namesilo,,,04/09/2026 23:41
540eb6ce-ac43-43ad-9304-f8b2608e216e,glowingly.luxe,available,19.49,19.49,high,low,9,namesilo,,,14/09/2026 21:48
0dbdcd57-e4e3-4fee-a141-af993300ae7a,downstairs.luxe,available,27.99,27.99,high,low,10,name.com,,,14/08/2026 17:55
9bbe90da-4ffa-4440-89f7-e53d2334e141,tuskegee.luxe,available,19.49,19.49,medium,low,8,namesilo,,,28/09/2026 15:29
9507a66a-378b-463f-a614-e27d0b268e40,perrin.luxe,available,15.96,15.96,medium,low,6,porkbun,,,29/09/2026 04:24
6b2bf1e8-4933-4834-a052-11c30b99c295,swarm.luxe,available,19.49,19.49,high,medium,5,namesilo,,,29/09/2026 14:02
b2b33995-0e73-4079-b664-6b4dc1589157,ride.luxe,premium,854,17.7,high,low,4,namesilo,,,29/09/2026 00:38
60b47423-b60a-4770-af35-b3f9c2fdc95e,unerasable.luxe,available,19.49,19.49,medium,low,10,namesilo,,,22/08/2026 02:39
b1e86281-fd92-44dd-a642-334da5552db5,anapurna.luxe,available,19.49,19.49,medium,low,8,namesilo,,,19/09/2026 02:22
361dd552-f3b5-4da0-ab23-24ade1d4b1ea,staged.luxe,available,,,high,low,6,,,,10/09/2026 18:02
1dbc76f4-c155-4116-95fa-70ab4342d029,marina.luxe,premium,512,17.7,high,low,6,namesilo,,,29/09/2026 07:32
2db3886e-e884-47f4-abe4-d9eb9f1f7ca4,appalled.luxe,available,19.49,19.49,medium,low,8,namesilo,,,
7de52da4-9235-41a8-9d4f-d2ee6f95c4df,baldly.luxe,available,19.49,19.49,medium,low,6,namesilo,,,13/09/2026 23:11
1be0a497-acd9-4100-9556-667a696c5c6d,sits.luxe,available,19.49,19.49,medium,low,4,namesilo,,,17/09/2026 03:03
8ea2c0e7-890a-4695-b0b2-3ca47a27da99,iis.luxe,premium,,,medium,low,3,,,,29/09/2026 19:14
38c63c18-de0c-4825-8916-1bb596869afb,andreas.luxe,premium,96,17.7,high,low,7,namesilo,,,25/09/2026 13:21
da74f5f4-0fbb-4dfd-9b35-dd4496bf7f12,raytheon.luxe,available,19.49,19.49,high,high,8,namesilo,,,30/09/2026 14:05
78dc1eda-611d-403a-9134-3063071282db,rapacious.luxe,available,19.49,19.49,medium,low,9,namesilo,,,15/08/2026 05:26
375678b1-7842-48a6-b50d-fb0308ae28fe,demon.luxe,available,19.49,19.49,high,low,5,namesilo,,,25/09/2026 22:20
949d8247-d59c-4534-8d3f-70598eddbe94,buddy.luxe,available,15.2,15.2,high,medium,5,cloudflare,,,29/09/2026 05:01
fd721e90-6a39-4d9c-bd35-40ba68edf663,gary.luxe,premium,96,17.7,high,low,4,namesilo,,,25/09/2026 06:21
ce8d2d8f-73d1-45b5-8a04-6c71fe907058,speaks.luxe,available,19.49,19.49,medium,low,6,namesilo,,,16/09/2026 07:20
a85e5ade-ff7a-4986-9596-0d3591ada31f,fingerprints.luxe,available,19.49,19.49,medium,low,12,namesilo,,,28/09/2026 13:26
a303272c-a300-4b85-a216-408e49a21673,urinate.luxe,available,19.49,19.49,medium,low,7,namesilo,,,13/09/2026 09:41
c69ad7b3-1b03-4c52-a734-427b3f7a5612,graduated.luxe,available,19.49,19.49,high,low,9,namesilo,,,11/08/2026 14:18
2d4b6d3c-1312-4637-a51c-b3f214255fc0,damning.luxe,available,27.99,27.99,medium,low,7,name.com,,,13/08/2026 16:33
896da818-5704-46e7-b393-3bb255c69118,annan.luxe,available,15.73,15.73,medium,low,5,spaceship,,,30/09/2026 05:28
1d2abebe-7c11-40c2-9d01-62e0e45f5071,unproven.luxe,available,19.49,19.49,medium,low,8,namesilo,,,12/09/2026 17:33
9b1cec21-ef2f-4509-9cf4-a14e4df8e720,invented.luxe,available,15.2,15.2,high,low,8,cloudflare,,,01/10/2026 19:48
0bf6405d-e1fc-4350-ad4b-a2b06d0a6279,irritation.luxe,available,19.49,19.49,medium,low,10,namesilo,,,
e88adf1e-b7f7-4036-bef1-42d0dd555f76,balancer.luxe,available,,,medium,low,8,,,,21/09/2026 20:52
503f0d22-ad2e-412c-b1a9-2f112c66a93a,catcher.luxe,available,19.49,19.49,high,low,7,namesilo,,,21/09/2026 16:05
8b913fc8-f5f3-4ea5-aab1-740dbc099a64,abkhasian.luxe,available,19.49,19.49,medium,low,9,namesilo,,,
e404bcf2-7e78-4547-ba52-1f0b73df5464,campania.luxe,available,19.49,19.49,high,low,8,namesilo,,,30/09/2026 16:35
73e39ce5-62a8-422b-acde-cbfadbb1a83e,harding.luxe,available,15.96,15.96,medium,low,7,porkbun,,,28/09/2026 19:24
dde10c20-a058-499f-b74a-b540d1c4c859,eames.luxe,available,15.73,15.73,high,low,5,spaceship,,,01/10/2026 18:56
70bf8d36-840d-443d-b288-4f4966a6b6fa,cheeses.luxe,available,19.49,19.49,high,low,7,namesilo,,,01/10/2026 23:44
1a01123f-79f3-4487-a7a3-701c45a124e8,itchy.luxe,available,27.99,27.99,medium,low,5,name.com,,,05/08/2026 20:43
be3659a8-7299-4051-9ceb-ef60f5aa7023,begins.luxe,available,19.49,19.49,medium,low,6,namesilo,,,25/09/2026 20:45
cc20a556-02b6-4535-a301-0c6546371598,oceans.luxe,available,19.49,19.49,high,low,6,namesilo,,,18/09/2026 06:58
b037d131-c7b9-4fc0-b63b-7857d846873c,waterworks.luxe,available,15.73,15.73,high,low,10,spaceship,,,02/10/2026 06:40
1db416a3-be93-4b0c-befc-64572ed45c30,lambent.luxe,available,19.49,19.49,high,low,7,namesilo,,,
182d7af5-8546-4ccc-ae3d-5c3e7c79abd1,toni.luxe,available,19.49,19.49,high,low,4,namesilo,,,27/09/2026 07:46
e77eeea4-6054-42e6-bdd4-43d7c54a688d,racism.luxe,available,19.49,19.49,medium,low,6,namesilo,,,29/09/2026 02:00
d04fbfb4-2205-4e6a-93d7-7a94b1c06b83,hypophysis.luxe,available,,,high,medium,10,,,,08/09/2026 20:09
b8b1c6ad-7422-40dd-aeb4-987548b20cc2,malignant.luxe,available,19.49,19.49,medium,low,9,namesilo,,,24/08/2026 14:08
7817b161-fb43-4980-b163-1cce45281802,shafts.luxe,available,15.2,15.2,medium,low,6,cloudflare,,,30/09/2026 15:34
95f2c836-b20a-4453-936e-fbea38c2a021,nurtural.luxe,available,19.49,19.49,medium,low,8,namesilo,,,03/09/2026 23:07
bc2670b5-f80d-4352-a8b7-7080082b8045,laced.luxe,available,19.49,19.49,high,low,5,namesilo,,,22/08/2026 17:44
beeeae93-565e-4357-b1c8-7f7b6e912830,laxly.luxe,available,19.49,19.49,low,low,5,namesilo,,,15/09/2026 11:08
c5fad13f-071f-4ea1-8805-661544540af7,pussycat.luxe,available,15.73,15.73,high,low,8,spaceship,,,03/10/2026 01:25
cd81e4ed-0860-41c3-a6ac-5758d032546e,emory.luxe,available,15.73,15.73,high,low,5,spaceship,,,29/09/2026 15:34
9d891ff0-4464-44f5-b9cb-ec5b2d31d9ea,noses.luxe,available,19.49,19.49,medium,low,5,namesilo,,,20/09/2026 03:44
b858daa6-0c9d-4c73-b7da-be63ba395a26,taoism.luxe,available,15.73,15.73,medium,low,6,spaceship,,,30/09/2026 16:55
c7c0ddb4-3338-42ee-8be7-50814be802d9,flag.luxe,available,19.49,19.49,high,low,4,namesilo,,,25/09/2026 00:12
5203c610-4d00-45a8-a155-684724f239e7,anomala.luxe,available,19.49,19.49,medium,low,7,namesilo,,,19/09/2026 11:24
93f21ab3-93a4-4916-987c-844c377e148a,missions.luxe,available,15.73,15.73,medium,low,8,spaceship,,,28/09/2026 23:16
7079224c-c026-45ae-bb64-76cd98b39f28,alchemical.luxe,available,19.49,19.49,medium,low,10,namesilo,,,
8279890d-67c3-4880-bafb-aa319817db28,itc.luxe,premium,242,17.7,high,low,3,namesilo,,,29/09/2026 10:09
34a9a3df-d9b1-4d3d-8c77-0c50dfd9441c,dprk.luxe,available,15.2,15.2,medium,low,4,cloudflare,,,02/10/2026 04:32
26ccda45-7941-411b-b9c8-f3361c995b0d,corrosive.luxe,available,19.49,19.49,medium,low,9,namesilo,,,13/08/2026 02:07
81e590f8-a0a8-4895-8c1b-9fa149b3bb17,samuelson.luxe,available,15.96,15.96,medium,low,9,porkbun,,,01/10/2026 08:08
1d22d5fe-fc3f-469c-beb4-452129ca3ec2,primo.luxe,available,19.49,19.49,high,low,5,namesilo,,,09/09/2026 02:07
bed4b800-e463-4308-9d9f-c7d09739f869,infections.luxe,available,15.73,15.73,low,low,10,spaceship,,,30/09/2026 15:33
39d25ff3-6be4-4496-bcab-8b92b6a4753a,revision.luxe,available,15.2,15.2,high,low,8,cloudflare,,,29/09/2026 20:11
6f0f1839-7324-4a4f-adcf-822b11dbbd1f,warp.luxe,available,19.49,19.49,high,medium,4,namesilo,,,29/09/2026 13:37
ec2bb2d4-c2a2-4aee-8c17-f99e2b3575b1,yuan.luxe,premium,854,17.7,high,low,4,namesilo,,,29/09/2026 07:27
1252dfe7-31b0-4f3d-a68e-cf80432fd113,rocks.luxe,premium,854,17.7,high,low,5,namesilo,,,17/09/2026 07:43
ee28d988-a102-4e2d-a7bd-f738a44d38a7,bubbling.luxe,available,19.49,19.49,high,low,8,namesilo,,,11/08/2026 07:15
f7a85946-b948-4512-87de-c01649776329,arriving.luxe,available,15.73,15.73,medium,low,8,spaceship,,,02/10/2026 17:03
92df6353-8d38-4b19-85c7-9d3110cca05d,privy.luxe,available,19.49,19.49,high,low,5,namesilo,,,09/09/2026 02:12
45d56509-e7d9-4830-abbb-d984afc87a54,pretzel.luxe,available,15.73,15.73,high,low,7,spaceship,,,30/09/2026 07:15
069505ff-414a-4beb-9dc9-f06b433d054a,spines.luxe,available,15.73,15.73,low,low,6,spaceship,,,02/10/2026 22:03
b17edaa1-0fb2-4f29-a106-e7b00e686b5f,hallmark.luxe,available,19.49,19.49,high,medium,8,namesilo,,,20/09/2026 15:56
181c6c97-ad06-47dc-9fa8-bbe1d37763b6,hill.luxe,premium,854,17.7,high,low,4,namesilo,,,28/09/2026 20:23
a1d7e76a-058d-4d44-b330-a7bb4e995347,lunate.luxe,available,19.49,19.49,medium,low,6,namesilo,,,13/08/2026 06:12
0b614d22-8553-4243-89f6-510a3cee8bae,unharmed.luxe,available,19.49,19.49,high,low,8,namesilo,,,12/09/2026 12:00
fd01b917-ece0-4e92-a043-f8e1cada3763,amc.luxe,premium,242,17.7,high,medium,3,namesilo,,,25/09/2026 14:08
4cbdb51b-2c5d-486b-bc76-4822445f9a17,streamer.luxe,available,19.49,19.49,high,low,8,namesilo,,,08/08/2026 13:57
b39ea39a-bae1-4751-931a-f581ac7dd076,jules.luxe,available,19.49,19.49,high,low,5,namesilo,,,25/09/2026 15:01
ec0b1a87-58fd-4633-98b9-47d2669c9228,titanic.luxe,available,19.49,19.49,high,low,7,namesilo,,,11/09/2026 16:30
29689b46-e187-4ab9-94ba-abe6cb102eea,riddles.luxe,available,16.27,16.27,medium,low,7,dynadot,,,02/10/2026 19:06
027322ca-9a4f-4402-bf2f-fd70ac3e4aba,silences.luxe,available,19.49,19.49,medium,low,8,namesilo,,,21/09/2026 10:16
c05b838d-3e94-4d4f-8d51-a664bb9ab1b0,andersen.luxe,available,19.49,19.49,high,low,8,namesilo,,,19/09/2026 04:01
ac05169a-dabc-4c46-b782-3d77c46549f9,thea.luxe,available,19.49,19.49,high,low,4,namesilo,,,30/09/2026 11:10
244d615e-b5ba-445b-9437-81de26b86047,astrology.luxe,available,,,high,low,9,,,,20/09/2026 17:48
d2fdc433-05d5-4684-bb9c-ee10870f5e61,copperhead.luxe,available,,,medium,low,10,,,,17/09/2026 18:16
d6aaacf7-cd16-4334-847e-8951aa78f186,chesterton.luxe,available,15.73,15.73,medium,low,10,spaceship,,,30/09/2026 09:08
e1f55341-d668-4168-b4ee-dfeeede5d513,theron.luxe,available,19.49,19.49,medium,low,6,namesilo,,,02/10/2026 10:23
fb462b35-40ce-46ea-b231-4643e336e4ad,variation.luxe,available,19.49,19.49,high,low,9,namesilo,,,03/09/2026 11:43
62399ee2-aef2-475e-a99e-9de9d341abeb,conveyance.luxe,available,16.27,16.27,high,low,10,dynadot,,,01/10/2026 02:33
8ff8b12f-f03a-4bf4-9e76-79b1b0a4ef09,mayoral.luxe,available,27.99,27.99,medium,low,7,name.com,,,24/08/2026 18:00
098b6970-b469-43bc-a197-7085bbd2712c,alicia.luxe,premium,96,17.7,high,low,6,namesilo,,,27/09/2026 07:22
c4648946-ac59-4023-ab83-0f4417523d1a,acarpelous.luxe,available,19.49,19.49,medium,low,10,namesilo,,,
f4e3b53a-4056-41c5-b363-07f54a461b0f,bid.luxe,premium,242,17.7,high,low,3,namesilo,,,29/09/2026 02:29
eff157ae-5567-4b75-8fc9-5a7768499429,chasing.luxe,available,19.49,19.49,high,low,7,namesilo,,,27/09/2026 06:54
66f1ce98-83e5-4ae5-a0cf-3b71474f601c,responsive.luxe,available,19.49,19.49,high,low,10,namesilo,,,22/09/2026 06:49
6f699a75-f812-4c43-ba05-c9e36fc6e4e5,brag.luxe,available,27.99,27.99,high,low,4,name.com,,,23/09/2026 00:49
1ee13d8c-904c-41fb-946e-36e3184d6d39,biomass.luxe,available,,,high,low,7,,,,23/09/2026 18:29
eaa38b32-05f5-461b-9d9a-79af14e7e40c,cowardly.luxe,available,19.49,19.49,medium,low,8,namesilo,,,13/08/2026 04:07
b3bacdf7-a191-4722-8918-6298f619f095,shriek.luxe,available,19.49,19.49,medium,low,6,namesilo,,,09/09/2026 23:53
b893bf15-05bd-45ad-9b23-2ec0eb57613b,vestibular.luxe,available,19.49,19.49,medium,low,10,namesilo,,,13/09/2026 04:52
f5114ac2-27ba-4940-b45c-424e65b5b421,boltzmann.luxe,available,19.49,19.49,medium,low,9,namesilo,,,30/09/2026 08:42
9cc0af2c-ac02-43ae-9c83-e8e2dce376d7,brummagem.luxe,available,19.49,19.49,medium,low,9,namesilo,,,11/08/2026 06:42
c6884b0b-99ef-45db-bd7c-23225e11535f,fitzwilliam.luxe,available,15.73,15.73,medium,low,11,spaceship,,,01/10/2026 10:32
c7c335dc-8c96-4b8e-8d0e-0cdc976b2e24,spilling.luxe,available,15.73,15.73,high,low,8,spaceship,,,02/10/2026 13:21
8394e319-d8d9-4f13-b192-19915adcac18,amused.luxe,available,19.49,19.49,high,low,6,namesilo,,,
b109128c-c0d2-47ff-874f-a29e5a605259,luscious.luxe,available,19.49,19.49,high,low,8,namesilo,,,14/08/2026 00:22
cc9f79da-53c5-4661-9983-57af7d82d38c,deprivation.luxe,available,19.49,19.49,medium,low,11,namesilo,,,30/09/2026 05:47
1439df73-2e08-4489-b074-cefb64ff1d9e,dumbbell.luxe,premium,242,17.7,high,low,8,namesilo,,,24/09/2026 06:44
9a5af53d-1b61-454f-a3ec-2f72da16d3f1,gamblers.luxe,available,16.27,16.27,medium,low,8,dynadot,,,02/10/2026 23:21
94739707-e1f4-403f-bfd2-3ec2b6598d14,greg.luxe,available,15.2,15.2,high,low,4,cloudflare,,,02/10/2026 09:44
c0516f2e-2431-4daa-936c-8fd513c1931d,hermann.luxe,available,19.49,19.49,high,low,7,namesilo,,,20/09/2026 07:11
3533ea15-953f-461b-be11-3fcbf9f71a29,acetonic.luxe,available,19.49,19.49,medium,low,8,namesilo,,,
398cc4d9-baf2-4ad5-a10d-b935ea5f684d,unopposed.luxe,available,19.49,19.49,medium,low,9,namesilo,,,12/09/2026 16:16
51e226b3-e89b-4691-97d9-98f6b02db514,adagio.luxe,available,19.49,19.49,high,low,6,namesilo,,,
50928df9-4bd5-4aca-a7ce-3bb41bb7b1bf,lymphoma.luxe,available,19.49,19.49,medium,low,8,namesilo,,,02/10/2026 16:03
38f55fe1-ca7d-497d-a96a-892a3c113e41,withdrawal.luxe,available,19.49,19.49,high,low,10,namesilo,,,21/09/2026 15:22
f47b5dc1-21d1-4609-9b4e-c5876e837bcf,bankhead.luxe,available,19.49,19.49,medium,low,8,namesilo,,,22/09/2026 02:47
d4ba70dc-30a9-4cd9-9a14-594dadfd14ac,politic.luxe,available,19.49,19.49,high,low,7,namesilo,,,08/09/2026 23:06
9638f871-c170-45a6-8721-b91ea6a35a6a,halley.luxe,available,29.99,29.99,medium,low,6,godaddy,,,30/09/2026 01:28
2cdfb4dc-e34f-4d59-84ff-4e58e2a4bbc2,fished.luxe,available,16.27,16.27,medium,low,6,dynadot,,,01/10/2026 00:50
00463389-1eab-4cdf-abdf-880e5d46bb56,exclaims.luxe,available,19.49,19.49,medium,low,8,namesilo,,,19/09/2026 23:36
567f3a2a-c096-4b16-aa5e-75038649eda4,counterfeits.luxe,available,19.49,19.49,low,low,12,namesilo,,,19/09/2026 21:40
51e0ef8e-cef0-4694-acb7-9175caf67a38,nile.luxe,available,16.27,16.27,high,low,4,dynadot,,,29/09/2026 07:45
e68c6d02-a0bc-4b00-a616-1dbc77da925c,adult.luxe,resell,,,high,low,5,"GoDaddy.com, LLC",03/05/2021 23:18,03/05/2027 23:18,26/09/2026 01:23
a1e81367-7cae-4cb8-a9c3-b4294132c456,showed.luxe,available,19.49,19.49,medium,low,6,namesilo,,,
527f4185-283f-4e4b-a6d6-41af163fb091,unadorned.luxe,available,19.49,19.49,high,low,9,namesilo,,,11/09/2026 23:54
9d406165-ce5b-4901-8407-40ac56bf7482,scarlett.luxe,premium,96,17.7,high,low,8,namesilo,,,
d777621d-bea2-4909-9978-cda772ba55dc,ionia.luxe,available,16.27,16.27,medium,low,5,dynadot,,,01/10/2026 20:04
c48e0cd9-957c-43b9-aa67-00f3001a345c,nocent.luxe,available,,,medium,low,6,,,,03/09/2026 18:02
2c764811-a456-42b0-8883-e8b9d5074348,demise.luxe,available,19.49,19.49,high,low,6,namesilo,,,14/08/2026 21:56
c1a186d8-f551-4f87-ae2a-95cee93f94ec,satanic.luxe,available,19.49,19.49,medium,low,7,namesilo,,,24/09/2026 05:47
03a7d463-4f41-4176-b56c-863022dccce3,indonesian.luxe,available,19.49,19.49,high,low,10,namesilo,,,22/08/2026 03:20
56e50c80-ce73-4c9b-8056-9ac583bb3d6b,acinous.luxe,available,19.49,19.49,medium,low,7,namesilo,,,
bda47570-d483-40c2-b8be-ef5b8f47d239,mystifying.luxe,available,19.49,19.49,medium,low,10,namesilo,,,13/08/2026 09:39
9df44392-515f-4459-99e5-e83594aef5b4,sheetlike.luxe,available,19.49,19.49,high,medium,9,namesilo,,,10/09/2026 06:21
086155ed-6549-4a4e-a601-da8f13d74813,savior.luxe,available,19.49,19.49,high,low,6,namesilo,,,24/09/2026 14:49
42dbaa9f-c8e1-41f9-9b25-d022490f310d,documentation.luxe,available,15.2,15.2,high,low,13,cloudflare,,,01/10/2026 06:22
7a3413fb-5989-4769-9e4c-67e4f8769f22,maximizing.luxe,available,27.99,27.99,high,low,10,name.com,,,24/08/2026 17:56
ef895bb9-8e15-4fd7-a986-6b8595e76776,clippers.luxe,available,15.73,15.73,high,medium,8,spaceship,,,02/10/2026 22:42
6d7556b5-d4c5-4c6f-9584-0555fb34bd97,platte.luxe,available,19.49,19.49,high,low,6,namesilo,,,28/09/2026 02:56
370f6d68-5815-46f5-ba6d-85576627d4f2,oceanic.luxe,premium,96,17.7,high,medium,7,namesilo,,,04/09/2026 00:26
c54514da-c27b-4996-a100-0eed4886a259,creation.luxe,available,19.49,19.49,high,low,8,namesilo,,,03/10/2026 04:02
79144fa5-3b11-4de9-b617-a43d33cdf8a0,extinguish.luxe,available,15.73,15.73,high,low,10,spaceship,,,02/10/2026 06:41
7dff8d47-35e3-4c20-9ef0-e7e1e25637f3,mini.luxe,resell,,,high,high,4,"GoDaddy.com, LLC",05/05/2021 13:27,05/05/2027 13:27,26/09/2026 07:34
31537bef-2d7c-48ae-8f8b-dd4aa307e141,loops.luxe,available,19.49,19.49,high,low,5,namesilo,,,17/09/2026 12:15
ef5cad03-b76d-464d-8dcd-d1f9f58761b9,cheerfully.luxe,available,15.73,15.73,high,low,10,spaceship,,,28/09/2026 13:48
efff2040-1acb-44ba-b662-bb92032ae864,rudy.luxe,available,19.49,19.49,high,low,4,namesilo,,,27/09/2026 07:02
deed6c11-1bf4-4de6-bb19-6a2d2ec05841,pappa.luxe,available,19.49,19.49,medium,low,5,namesilo,,,08/09/2026 23:42
486c4d3b-963c-4479-962a-b0da4eaf2d0f,actually.luxe,available,19.49,19.49,high,low,8,namesilo,,,28/09/2026 11:45
2fa7dadf-b082-468a-995e-14c2d2ac8936,takeaways.luxe,available,19.49,19.49,medium,low,9,namesilo,,,18/09/2026 05:02
224991b9-c92b-453d-ac4b-aad18f81e878,asheville.luxe,available,19.49,19.49,high,low,9,namesilo,,,20/09/2026 13:49
96ddb255-aff4-4afd-bff2-7a6e82ee1179,walt.luxe,available,19.49,19.49,high,low,4,namesilo,,,25/09/2026 12:09
0ff8b3ce-33f4-4bd3-a03c-2f135561e7e8,peninsula.luxe,available,15.96,15.96,high,low,9,porkbun,,,30/09/2026 06:35
c9298bb8-3cc7-459c-818a-cfae4588a26b,rookie.luxe,available,16.27,16.27,high,low,6,dynadot,,,29/09/2026 12:33
8701e217-c040-4a9a-8d13-1730419e473b,sleepily.luxe,available,19.49,19.49,medium,low,8,namesilo,,,16/09/2026 02:32
40787e43-1dbc-4798-9daf-9384419f03a6,babbling.luxe,available,19.49,19.49,high,low,8,namesilo,,,21/09/2026 12:23
4ae7583d-bb79-4fa3-be69-dafb8a4a2999,allure.luxe,premium,512,17.7,high,low,6,namesilo,,,18/09/2026 12:11
bda48b08-5592-4dd9-8cae-5da80bb3897f,guardianship.luxe,available,15.2,15.2,high,low,12,cloudflare,,,02/10/2026 07:22
2bee31f8-42d8-4167-a096-02c83c7262cc,parkes.luxe,available,15.2,15.2,medium,low,6,cloudflare,,,29/09/2026 22:23
a1ba5cd5-49ac-4748-86d0-c697d931f514,carrier.luxe,available,19.49,19.49,high,low,7,namesilo,,,28/09/2026 19:39
dfa7f2f7-bfcc-4cff-93ac-e3417afa489d,meaty.luxe,available,19.49,19.49,high,low,5,namesilo,,,24/08/2026 18:35
60330ad4-3e17-46e5-af25-19ab2de7fc65,outcome.luxe,available,19.49,19.49,high,low,7,namesilo,,,29/09/2026 11:10
077f7415-3aa5-4e68-8951-544d50804b0c,cadet.luxe,available,15.73,15.73,medium,low,5,spaceship,,,29/09/2026 00:18
5a09620e-6e3b-47a1-809e-7c260714a04c,bier.luxe,premium,242,17.7,medium,low,4,namesilo,,,23/09/2026 13:47
b2c1c1de-5fde-4acc-8ff0-03fc00acf927,strife.luxe,available,19.49,19.49,high,low,6,namesilo,,,24/09/2026 22:33
a30186a9-e830-44f2-b8fe-8c59a12fd584,artist.luxe,premium,414.2,15.73,high,low,6,spaceship,,,01/10/2026 20:15
2e6a8765-c77c-405e-9a4e-faec429b26ca,infective.luxe,available,19.49,19.49,medium,low,9,namesilo,,,22/08/2026 04:14
c1aa40a8-1bf6-4ee7-821c-0a2db9489887,canorous.luxe,available,19.49,19.49,medium,low,8,namesilo,,,11/08/2026 17:35
db024e59-58a3-4fba-9ea6-ecca33fd040a,architrave.luxe,available,27.99,27.99,medium,low,10,name.com,,,20/09/2026 02:17
bb3fe88f-19d4-465e-ac4e-335806731167,euphonious.luxe,available,19.49,19.49,medium,low,10,namesilo,,,17/08/2026 14:17
9cd1a565-e33a-446b-8318-cafb373f1603,gardener.luxe,available,19.49,19.49,medium,low,8,namesilo,,,28/09/2026 09:51
d027e1c8-c947-4d0a-8e7a-ed35cb10e5cf,wausau.luxe,available,15.73,15.73,medium,low,6,spaceship,,,01/10/2026 22:03
5490edf9-e717-4c9c-93c1-56a20f96258f,generate.luxe,premium,2070.2,15.73,high,low,8,spaceship,,,28/09/2026 19:12
eca2b3ef-6abb-40f6-9fbd-0b13d7a0f859,badges.luxe,available,19.49,19.49,medium,low,6,namesilo,,,29/09/2026 17:33
6cc4e0f9-fa5a-401c-9ff0-af779d90e7a0,meld.luxe,available,27.99,27.99,high,low,4,name.com,,,22/09/2026 11:20
a82f03b8-781a-4186-bf1e-ba4bc1e433c7,civilly.luxe,available,19.49,19.49,medium,low,7,namesilo,,,14/09/2026 06:57
68fe6b6f-9078-4966-a485-e8c7b29a3d25,centrical.luxe,available,19.49,19.49,medium,low,9,namesilo,,,12/08/2026 00:12
f8301d2f-2a56-40e4-b8fc-2bbb64ccd7c3,astounded.luxe,available,19.49,19.49,high,low,9,namesilo,,,22/09/2026 03:42
665f8f01-51c1-4e28-b6c2-4a9e9635979f,lamenting.luxe,available,27.99,27.99,medium,low,9,name.com,,,22/08/2026 19:02
9163038c-02a9-40be-90db-1b91ca0c1ed5,pudendal.luxe,available,19.49,19.49,medium,low,8,namesilo,,,09/09/2026 05:28
61452175-8ce1-44d7-a3d6-4be4ab5ed87f,indistinct.luxe,available,19.49,19.49,medium,low,10,namesilo,,,22/08/2026 03:14
8780943f-ca20-4bcd-b72a-a7ac6188a6b9,boyhood.luxe,available,19.49,19.49,high,low,7,namesilo,,,02/10/2026 14:26
0fb518e9-7efe-49d9-aa8c-acee82304eb3,curl.luxe,available,19.49,19.49,high,low,4,namesilo,,,29/09/2026 13:04
d023186e-1628-40e4-842a-378076cd62ec,atrocity.luxe,available,19.49,19.49,medium,low,8,namesilo,,,21/09/2026 00:49
bffd24e5-a8b6-49d9-8eb4-95929d2629f0,weinberg.luxe,available,15.73,15.73,medium,low,8,spaceship,,,28/09/2026 10:58
c1a58af2-eb3e-43f4-bcc3-846fa9dc4f44,wulfila.luxe,available,19.49,19.49,medium,low,7,namesilo,,,23/09/2026 21:57
fa16ce4d-43af-48a4-8c1e-6bb19c740ee8,navigational.luxe,available,16.27,16.27,medium,low,12,dynadot,,,01/10/2026 06:02
de45bdad-d5de-4cf6-9f00-b7ac75d74746,feral.luxe,available,19.49,19.49,high,low,5,namesilo,,,18/08/2026 01:10
e364a613-d9a4-4af0-8f67-5b2593b5ee8a,plots.luxe,available,15.73,15.73,medium,low,5,spaceship,,,29/09/2026 17:24
77f820fa-8e59-4d73-b71d-4d28a1b9df17,theodora.luxe,available,19.49,19.49,high,low,8,namesilo,,,30/09/2026 04:52
fcaea3cb-4ee5-41d2-a93a-b5006f761a5f,institutional.luxe,available,19.49,19.49,high,low,13,namesilo,,,01/10/2026 06:16
1e3ca0c1-1d1e-4830-ae7e-c743aa430119,posterior.luxe,available,19.49,19.49,medium,low,9,namesilo,,,09/08/2026 11:12
03a225c3-4683-49ab-ba22-df5bde332a6b,satellite.luxe,premium,2500,27.99,high,low,9,name.com,,,09/09/2026 21:34
281a5d5d-4289-41c3-a341-113e9fdd26bc,carbonara.luxe,available,19.49,19.49,high,low,9,namesilo,,,24/09/2026 12:46
cd7a3031-47f8-4e98-b1b9-70ce019e03eb,europium.luxe,available,19.49,19.49,medium,low,8,namesilo,,,20/09/2026 23:26
c56bb570-41fb-4bc0-a93d-c3858d9cc6c1,batu.luxe,available,15.2,15.2,medium,low,4,cloudflare,,,02/10/2026 18:53
1d5348d1-5426-47ab-80b7-1e95690e9931,dealt.luxe,available,16.27,16.27,medium,low,5,dynadot,,,28/09/2026 08:17
121d23e2-a703-4b8d-8264-f312015802e3,sciences.luxe,available,15.96,15.96,medium,low,8,porkbun,,,02/10/2026 10:32
cafb1b1f-5c9e-4868-a51d-fbd04fd06032,consecutive.luxe,available,19.49,19.49,medium,low,11,namesilo,,,29/09/2026 04:45
854e41f7-7709-4a61-b8da-58ec4d5f94cc,promptly.luxe,available,,,high,low,8,,,,09/09/2026 08:42
292a169b-bdb5-483f-bfa2-996526163e41,hillsboro.luxe,available,19.49,19.49,medium,low,9,namesilo,,,29/09/2026 04:37
2cea0bc3-aa0e-47b8-939c-58eb9d67e8dd,backstretch.luxe,available,27.99,,high,low,12,name.com,,,
98b04d25-61a1-4a85-a03e-8008b550da8e,pampering.luxe,premium,2660,17.7,high,low,9,namesilo,,,05/09/2026 00:29
123b6736-6be8-40fa-8f0a-39578f324d08,nonionic.luxe,available,,,medium,low,8,,,,03/09/2026 19:33
329106d2-9e98-4525-9c81-7feee6f2aa4e,bathymetry.luxe,available,19.49,19.49,medium,low,10,namesilo,,,22/09/2026 13:55
5a167181-e7cc-4061-93db-ebc32f664e8b,boiling.luxe,available,19.49,19.49,high,low,7,namesilo,,,14/09/2026 00:51
037851ca-6117-4b24-af16-62dfa2bce9e1,lapidary.luxe,available,27.99,27.99,high,low,8,name.com,,,22/08/2026 19:40
ccc393ee-af5b-470b-8330-e1377fcbfc37,child.luxe,premium,854,17.7,high,low,5,namesilo,,,25/09/2026 20:33
dcea1e21-82bf-408f-8837-056f1e09bc16,welded.luxe,available,15.73,15.73,medium,low,6,spaceship,,,02/10/2026 13:09
db0ba180-2c4a-4ba9-83d5-60a0364b066e,victories.luxe,available,19.49,19.49,medium,low,9,namesilo,,,18/09/2026 09:23
5569b8eb-5429-4b5e-ac07-47857854d7fc,pascal.luxe,available,19.49,19.49,high,low,6,namesilo,,,24/09/2026 03:44
cba7a72d-3134-4b1c-b870-9ad321a8e4a0,westminster.luxe,available,16.27,16.27,high,low,11,dynadot,,,02/10/2026 08:52
f655dc9e-a3e0-4b4c-8607-394c9313b9b7,millennial.luxe,available,19.49,19.49,high,low,10,namesilo,,,24/08/2026 23:16
55963994-852b-4261-87d5-824a746aa0eb,probation.luxe,available,15.73,15.73,medium,low,9,spaceship,,,28/09/2026 10:46
32fbc3b7-bfc2-4804-93ef-147b8d49838e,sunbaked.luxe,available,19.49,19.49,medium,low,8,namesilo,,,
1d5102e3-a2eb-456f-b6e0-70a1d40de582,liability.luxe,available,15.73,15.73,medium,low,9,spaceship,,,28/09/2026 09:46
457407a9-c728-4e46-96a7-b61bf2b266b3,cunningham.luxe,available,19.49,19.49,high,low,10,namesilo,,,25/09/2026 04:27
e7fb1166-1667-41d8-865f-3f6d8f6c2fe9,unsteady.luxe,available,19.49,19.49,medium,low,8,namesilo,,,12/09/2026 10:21
73d3f2b1-7660-412d-a569-107c0ed7c034,tracked.luxe,available,16.27,16.27,high,low,7,dynadot,,,28/09/2026 09:27
a86aa121-769d-4cd2-9339-6b3678c181f2,contiguous.luxe,available,19.49,19.49,medium,low,10,namesilo,,,12/08/2026 23:11
56e46951-c690-4006-a8eb-adef0f15c10c,short.luxe,available,19.49,19.49,high,medium,5,namesilo,,,24/09/2026 04:44
a7461199-f884-4b5c-8647-4cc1c95768ab,suits.luxe,resell,,,high,low,5,"GoDaddy.com, LLC",05/05/2021 13:18,05/05/2027 13:18,26/09/2026 09:23
c8c39757-20b8-49f1-8ccb-177aaaae05d4,emeritus.luxe,available,19.49,19.49,high,low,8,namesilo,,,16/08/2026 15:05
f77771f4-81d1-4420-90ce-78a164108668,carol.luxe,premium,96,17.7,high,low,5,namesilo,,,24/09/2026 13:02
40853365-3818-4ba7-99f1-df4a5b43646e,killing.luxe,available,19.49,19.49,medium,low,7,namesilo,,,22/08/2026 15:57
2c2f2fdd-e1dd-4afe-a174-05698a1c4530,monique.luxe,available,15.73,15.73,high,low,7,spaceship,,,30/09/2026 05:03
e4be0198-b4bf-4711-a43f-f847aba7cd3e,calorie.luxe,available,19.49,19.49,high,low,7,namesilo,,,24/09/2026 11:50
7888e94e-6bd1-4b66-ad79-153e06e27844,unbending.luxe,available,19.49,19.49,medium,low,9,namesilo,,,12/09/2026 01:48
6408cc1f-42d2-461b-8902-221587615696,psychotic.luxe,available,19.49,19.49,high,low,9,namesilo,,,09/09/2026 05:09
a7a2f98b-255d-4c24-989b-8f38b52b272c,lovingness.luxe,available,27.99,27.99,high,low,10,name.com,,,11/08/2026 19:18
9efccc7a-b862-4beb-a9a3-c134b20dfbce,bakshis.luxe,available,19.49,19.49,high,low,7,namesilo,,,21/09/2026 15:54
1f68cddd-f226-4bc6-a646-1d4f52e792fd,bandicoot.luxe,available,19.49,19.49,medium,low,9,namesilo,,,22/09/2026 01:13
1e4f5188-2903-4d31-8d7c-c17775cd07b7,ptc.luxe,premium,,,high,low,3,,,,01/10/2026 04:36
debb58ab-5ed1-4344-8d21-953b018a7d74,sanctions.luxe,available,19.49,19.49,medium,low,9,namesilo,,,20/09/2026 01:56
8697f134-af9d-4289-b4fb-7ce44dce1ddd,highlights.luxe,available,19.49,19.49,high,low,10,namesilo,,,29/09/2026 17:36
42aee743-8c52-4118-a07c-10b5f6a34340,aeroplane.luxe,available,19.49,19.49,high,low,9,namesilo,,,08/09/2026 20:39
1cdd0eda-c633-427a-a7c4-f2fd9692c7fa,renton.luxe,available,19.49,19.49,high,low,6,namesilo,,,01/10/2026 11:20
f7bae5c3-ac99-4e99-a44c-eee11bd88032,hawkins.luxe,available,19.49,19.49,medium,low,7,namesilo,,,28/09/2026 09:24
3ebb5f97-0f88-4788-aa07-1eb68fc22912,faddish.luxe,available,27.99,27.99,medium,low,7,name.com,,,17/08/2026 20:33
9cef39fd-fa3f-4aa8-be6f-fa980ecdad6c,vicki.luxe,available,15.73,15.73,medium,low,5,spaceship,,,29/09/2026 04:00
55978486-8e37-4414-b756-0fa85d36de15,multnomah.luxe,available,19.49,19.49,high,low,9,namesilo,,,30/09/2026 21:47
048b7570-0b2a-45ce-8955-1b3d22cb9f72,cheater.luxe,available,19.49,19.49,medium,low,7,namesilo,,,23/09/2026 02:30
3b0ead09-a9ba-443c-8679-70c8a882ea2f,spacy.luxe,available,19.49,19.49,high,medium,5,namesilo,,,10/09/2026 15:05
95722ee1-2808-4fcd-b030-b57e53a87611,yeoman.luxe,available,19.49,19.49,medium,low,6,namesilo,,,23/09/2026 01:07
6212b61d-b838-4efc-8f28-4b8e0a429c2b,grandchildren.luxe,available,19.49,19.49,medium,low,13,namesilo,,,
c1020346-f43c-42c8-b74f-95d4ef70d8a9,venereal.luxe,available,19.49,19.49,medium,low,8,namesilo,,,18/08/2026 21:42
ed5ca7bb-55a9-4851-a6c0-b478a782bcde,collective.luxe,available,19.49,19.49,high,medium,10,namesilo,,,12/08/2026 17:03
e167ec74-3da0-41a6-b497-bc975a7628a6,send.luxe,premium,854,17.7,high,medium,4,namesilo,,,29/09/2026 04:28
957de10e-d97d-4cbc-a493-d8d324fb147e,incite.luxe,available,19.49,19.49,high,low,6,namesilo,,,09/09/2026 03:18
6c1c52d6-f59c-4295-98bb-4474784ff5b3,nap.luxe,premium,242,17.7,high,low,3,namesilo,,,24/09/2026 13:06
69fe5607-ca1c-4fbc-8530-8916c303427d,william.luxe,premium,96,17.7,high,low,7,namesilo,,,17/09/2026 13:23
a1594cd6-04ec-460e-b90e-4dac740f3a79,contrary.luxe,premium,96,17.7,high,low,8,namesilo,,,23/09/2026 22:29
a8de002f-22e8-43b7-8b25-c591f6958574,monkeys.luxe,available,19.49,19.49,medium,low,7,namesilo,,,17/09/2026 10:08
cc9fde49-d618-4b95-a128-ad0755ee0138,obtrusive.luxe,available,19.49,19.49,medium,low,9,namesilo,,,04/09/2026 00:07
37a2cd63-2f84-452f-9063-a3ff6fc9e751,hasan.luxe,available,19.49,19.49,high,low,5,namesilo,,,02/10/2026 22:04
3b624d59-d775-4cd9-b6b6-4c1512e053f9,hunk.luxe,available,19.49,19.49,high,low,4,namesilo,,,02/10/2026 15:45
d4adce37-019f-44cd-a74f-7f1e5c05673e,slithering.luxe,available,19.49,19.49,medium,low,10,namesilo,,,10/09/2026 11:07
81bb20a8-83f4-4ffe-8cf4-f610bf6ffef4,volitional.luxe,available,19.49,19.49,medium,low,10,namesilo,,,13/09/2026 06:50
e67369c3-3b22-483e-bf9b-22c63927c936,pushed.luxe,available,27.99,27.99,medium,low,6,name.com,,,25/09/2026 18:24
3ad76dc0-d972-4566-b2a2-55d19f1a0775,pga.luxe,premium,242,17.7,high,low,3,namesilo,,,28/09/2026 07:12
ae9914c1-547d-4752-a90c-2bbd54748698,blackout.luxe,available,15.73,15.73,high,low,8,spaceship,,,02/10/2026 21:11
47b8f7a8-6b62-4adc-8a6e-56058d921347,refresh.luxe,available,15.2,15.2,high,low,7,cloudflare,,,30/09/2026 16:47
f5a7e273-9f3d-42a3-b89a-96a11ada0250,rely.luxe,available,19.49,19.49,high,low,4,namesilo,,,30/09/2026 14:02
0780484e-0fdf-4c37-a616-a301bfcf6d6e,funds.luxe,premium,854,17.7,high,low,5,namesilo,,,29/09/2026 07:34
2bb6d8b5-fd35-4681-af1f-1979128b193c,discussion.luxe,available,19.49,19.49,high,low,10,namesilo,,,29/09/2026 15:38
1a37c192-a309-42f1-89aa-9f338af87efa,disarmed.luxe,available,15.73,15.73,medium,low,8,spaceship,,,01/10/2026 16:34
e67b8d50-dcc3-43a4-a2c5-b7cc2dc3f7a0,standardize.luxe,available,16.27,16.27,high,low,11,dynadot,,,01/10/2026 23:03
924878d6-1c23-45c5-a0be-d00ff6d5f87a,combs.luxe,available,16.27,16.27,high,low,5,dynadot,,,02/10/2026 00:48
b274357c-38f1-4351-bfac-7e0bb8681fac,frye.luxe,available,15.2,15.2,medium,low,4,cloudflare,,,28/09/2026 19:16
48ca42bf-db77-4335-a874-dc40c0b9f6e6,orangutan.luxe,available,15.2,15.2,high,low,9,cloudflare,,,30/09/2026 06:10
909a9555-13e5-43e6-bad3-4a349eaaad2a,trials.luxe,available,19.49,19.49,medium,low,6,namesilo,,,18/09/2026 17:43
a04350d3-3bef-4d71-98f3-39e5af1ea0c2,tet.luxe,premium,207.2,15.73,high,low,3,spaceship,,,30/09/2026 11:09
443dba26-5a85-4672-a406-d9c8de84ff5f,tauten.luxe,available,19.49,19.49,medium,low,6,namesilo,,,18/08/2026 05:16
9a31bbf0-96dd-4e29-ac94-68394ac1fadb,masonic.luxe,available,19.49,19.49,high,low,7,namesilo,,,24/08/2026 16:39
f8dcb30b-8a9f-4cb4-8d77-96025133b94d,seventies.luxe,available,19.49,19.49,high,low,9,namesilo,,,16/09/2026 12:13
78af5f11-96ff-492f-980c-d5a8489af76b,jehovah.luxe,available,19.49,19.49,high,low,7,namesilo,,,
6088511b-5e7d-475b-ac91-0bda47f1e3b9,dung.luxe,available,15.73,15.73,medium,low,4,spaceship,,,30/09/2026 09:30
77621f2e-21f0-4963-9954-ca22422cfaf5,qian.luxe,premium,828.2,15.73,high,low,4,spaceship,,,29/09/2026 10:05
2c88900c-21d5-45cb-9868-91b4f3fa453c,twelve.luxe,available,19.49,19.49,high,low,6,namesilo,,,21/09/2026 11:23
fe5b30d2-00fb-4b39-a624-60593672bdcf,bercy.luxe,available,19.49,19.49,medium,low,5,namesilo,,,23/09/2026 09:16
556564ab-2e3c-4fe3-8899-4d9599385b27,glued.luxe,available,19.49,19.49,high,low,5,namesilo,,,20/08/2026 15:12
57ec4086-6053-4372-bc6a-29eb3b2ef285,eponymous.luxe,available,19.49,19.49,high,low,9,namesilo,,,17/08/2026 11:29
152ec991-cfbf-4f02-9aaa-abed38c3e138,witch.luxe,available,19.49,19.49,high,low,5,namesilo,,,21/08/2026 07:44
f7c21e14-5251-4124-9bbf-d42ae0b4ccc0,hens.luxe,available,15.96,15.96,medium,low,4,porkbun,,,01/10/2026 18:16
0f417875-fd7d-464b-b35f-c7a45930ecbf,newfoundland.luxe,available,19.49,19.49,high,low,12,namesilo,,,01/10/2026 22:17
25f05a96-d727-4cfd-9854-49538bf39f40,glenda.luxe,available,19.49,19.49,high,low,6,namesilo,,,02/10/2026 09:10
a1e1f85d-876c-449f-81f6-dbd2c61e87b7,inflamed.luxe,available,19.49,19.49,medium,low,8,namesilo,,,22/08/2026 04:27
157ccc58-3e67-442f-8fbc-61a7812ea4d2,alexandre.luxe,available,15.73,15.73,high,low,9,spaceship,,,27/09/2026 20:05
3711f9bf-9562-433d-821e-2e5b1284fb00,sanitation.luxe,available,15.2,15.2,high,low,10,cloudflare,,,29/09/2026 20:17
25182745-0816-4f4a-999d-6913a15c46ee,penetration.luxe,available,19.49,19.49,medium,low,11,namesilo,,,08/09/2026 15:09
cdd8d13d-a804-4074-92ee-f90ef7dad6a0,anhydrous.luxe,available,19.49,19.49,medium,low,9,namesilo,,,
3f1dedb7-0996-44d9-9552-d01714d635e4,derelict.luxe,available,19.49,19.49,medium,low,8,namesilo,,,21/09/2026 13:39
0daba715-aff1-4ff3-96c1-cbf82d058037,mated.luxe,available,19.49,19.49,medium,low,5,namesilo,,,24/08/2026 17:10
ec31e8cf-115e-4029-9267-03423277f49a,occupying.luxe,available,15.2,15.2,medium,low,9,cloudflare,,,30/09/2026 23:24
1e505a2f-e0a1-47d8-9f86-0d1cdb71e2f6,rodgers.luxe,available,19.49,19.49,high,low,7,namesilo,,,25/09/2026 10:22
c5b221b2-0565-429c-9e9b-f343036b85c5,pivot.luxe,available,15.2,15.2,high,medium,5,cloudflare,,,30/09/2026 06:56
db69c9ee-690f-450c-a6d0-2431e49c8fa3,dismissal.luxe,available,15.2,15.2,high,low,9,cloudflare,,,29/09/2026 15:57
9fad510e-ebc2-4b62-9090-49996fbf3b66,aroid.luxe,available,19.49,19.49,medium,low,5,namesilo,,,06/08/2026 11:30
ab359318-49d0-4f7c-bc74-41194a2127de,windmill.luxe,available,19.49,19.49,high,low,9,namesilo,,,17/09/2026 13:01
245a4802-25e1-4b00-a528-b839deb2788e,annon.luxe,available,19.49,19.49,medium,low,5,namesilo,,,19/09/2026 10:29
0cef8eb7-dd23-4988-8cd4-15929ba3734a,hugh.luxe,available,16.27,16.27,high,low,4,dynadot,,,28/09/2026 03:49
1b525c22-ae0a-425f-80ea-be41cdfe6b62,fairness.luxe,available,19.49,19.49,high,low,8,namesilo,,,22/09/2026 22:20
7cd85874-8b5d-4914-90d7-c51e99f0e6eb,publically.luxe,available,19.49,19.49,medium,low,10,namesilo,,,15/09/2026 06:33
23668fa7-77c4-43d0-a84b-69d1eb3e36a7,parentally.luxe,available,,,medium,low,10,,,,15/09/2026 18:57
eb03607f-f01d-4486-9f79-e22bd1054b26,inn.luxe,premium,242,17.7,high,low,3,namesilo,,,21/09/2026 02:28
4a32eeaa-9d45-4205-a53c-8e661a399b07,paean.luxe,available,19.49,19.49,high,low,5,namesilo,,,05/09/2026 00:45
f902b9c9-f8ec-42f1-90aa-8d7eb7c75b5d,blaeberry.luxe,available,19.49,19.49,medium,low,9,namesilo,,,23/09/2026 15:39
8da68686-7142-4fe8-86b0-51bc74193d8d,resolvable.luxe,available,15.73,15.73,high,low,10,spaceship,,,27/09/2026 12:20
d84587c6-1f7c-4c7c-846d-a6f8cdd0d28d,apex.luxe,premium,854,17.7,high,medium,4,namesilo,,,19/09/2026 16:45
58f3a018-f82c-486c-8a71-dd4c2363c148,planetal.luxe,available,,,medium,low,8,,,,08/09/2026 20:42
4b1141a5-7b7d-43d1-9d20-f709260268dd,observe.luxe,available,19.49,19.49,high,low,7,namesilo,,,25/09/2026 23:53
799085ec-6605-4fd7-af61-c3b746ff182d,marriage.luxe,premium,5520,17.7,high,low,8,namesilo,,,30/09/2026 03:47
efa51658-08e1-4cfe-bc94-b0eb879b59d0,friendly.luxe,available,16.27,16.27,high,low,8,dynadot,,,29/09/2026 08:43
74cf8089-786e-48fd-b6ad-534904088fd9,adopter.luxe,available,19.49,19.49,medium,low,7,namesilo,,,17/09/2026 09:39
54901397-8391-417e-b6d7-39bf88e5ec1c,normative.luxe,available,27.99,27.99,medium,low,9,name.com,,,03/09/2026 21:19
a97d41ec-c34b-440f-aec4-2d3f3de79767,poles.luxe,available,19.49,19.49,medium,low,5,namesilo,,,29/09/2026 10:31
181691eb-63b6-47bb-a776-6da2788ba649,penguin.luxe,available,15.73,15.73,high,medium,7,spaceship,,,28/09/2026 10:42
fd7057eb-4c1d-40ff-a0d5-93531076c923,xxvii.luxe,available,19.49,19.49,medium,low,5,namesilo,,,
4380e25a-73ca-4d7f-a7b2-2aa6bf79a2bc,rheumatoid.luxe,available,19.49,19.49,medium,low,10,namesilo,,,06/08/2026 23:10
e10ac271-8c46-463e-a411-be49809f3262,marylebone.luxe,available,15.73,15.73,medium,low,10,spaceship,,,30/09/2026 14:03
1b33caf7-afc1-48f0-a93c-e2f268bec678,cookie.luxe,premium,512,17.7,high,low,6,namesilo,,,29/09/2026 11:31
2ba8a79c-1c8e-420b-aae0-88a70267ab46,turndown.luxe,available,19.49,19.49,high,low,9,namesilo,,,
df5fa5bf-e6b6-416c-a1e6-7e92eaa2b503,quantum.luxe,resell,,,high,medium,7,,,,28/09/2026 15:10
158da2cf-fc4c-48c5-826e-166315ac89f9,shaken.luxe,available,19.49,19.49,high,low,6,namesilo,,,10/09/2026 05:44
7011edf3-2dab-4efb-ba80-ef40c918a86b,bifurcate.luxe,available,27.99,27.99,high,low,9,name.com,,,09/08/2026 20:08
1a647ad2-9baf-4189-a37f-1d4e3ce5da7f,untried.luxe,available,,,medium,low,7,,,,12/09/2026 21:15
cce7ebb6-8a3e-4deb-b3c6-102c25bbf980,myra.luxe,available,16.27,16.27,medium,low,4,dynadot,,,28/09/2026 22:02
690e25cd-4b67-425e-84f0-d3fb4fc7b4fd,primes.luxe,available,19.49,19.49,medium,low,6,namesilo,,,20/09/2026 11:21
e6eceddd-5fb2-4f31-938e-042541c7df41,bellarmine.luxe,available,19.49,19.49,medium,low,10,namesilo,,,23/09/2026 05:54
69f1cdea-c02d-4b0b-98e6-87135747610f,farc.luxe,available,15.2,15.2,medium,low,4,cloudflare,,,03/10/2026 00:42
55f09374-5851-41c2-8868-8a1508ac80be,laredo.luxe,available,19.49,19.49,medium,low,6,namesilo,,,28/09/2026 19:41
93c2dbe8-3049-4dad-a808-b47d36607f74,critic.luxe,available,19.49,19.49,high,low,6,namesilo,,,29/09/2026 12:01
8a5eaa97-1fe1-4c33-9eb4-a6ebd0cb5662,cuyahoga.luxe,available,19.49,19.49,medium,low,8,namesilo,,,29/09/2026 10:08
b9395f44-47e9-42b1-9c3a-3edd1b343611,emergent.luxe,available,19.49,19.49,high,low,8,namesilo,,,16/08/2026 14:17
5d71579a-f993-432a-8c9e-856ec555a6ab,rickard.luxe,available,15.73,15.73,medium,low,7,spaceship,,,02/10/2026 19:55
89774fc1-f2e0-4018-8744-3ec1a9108e5f,georgina.luxe,available,19.49,19.49,medium,low,8,namesilo,,,29/09/2026 21:55
66174c4f-24ba-4d44-b429-6a41a8238029,creatures.luxe,available,19.49,19.49,medium,low,9,namesilo,,,27/09/2026 03:06
4d7d324a-dc25-4d2c-ade5-bf2c2d972200,pvc.luxe,premium,,,high,low,3,,,,29/09/2026 01:51
47ddfb0b-21a9-406e-bd15-917dff11f7d7,israeli.luxe,available,19.49,19.49,high,low,7,namesilo,,,22/08/2026 11:32
cdb33346-70ea-4164-9672-c323408a843e,jejune.luxe,available,19.49,19.49,medium,low,6,namesilo,,,22/08/2026 12:45
37135519-3494-4cc1-8451-1ddaf6ab0819,dormant.luxe,available,19.49,19.49,high,low,7,namesilo,,,
62200ba1-4cea-4ab8-bc0c-e586f4fafff1,contour.luxe,available,19.49,19.49,high,low,7,namesilo,,,24/09/2026 17:43
2ed59773-4679-470c-9de3-0c3ffb32b0ec,radiography.luxe,available,15.73,15.73,high,low,11,spaceship,,,30/09/2026 23:27
deda45b3-195e-48b6-889d-51e201e68757,solidly.luxe,available,19.49,19.49,medium,low,7,namesilo,,,16/09/2026 04:03
bbd8155c-16a7-4fe2-9698-f807166a1f1b,mournfully.luxe,available,19.49,19.49,medium,low,10,namesilo,,,15/09/2026 15:33
96cbf0a9-4a95-4ecf-bd56-10a9ec52713c,auroral.luxe,available,19.49,19.49,high,low,7,namesilo,,,22/09/2026 13:08
0a5a2370-5fda-4eb9-84e5-d2c1f668b714,emperors.luxe,available,19.49,19.49,medium,low,8,namesilo,,,02/10/2026 03:23
27f3713e-3aa0-4547-a93c-205e9744beb3,joni.luxe,available,15.73,15.73,medium,low,4,spaceship,,,02/10/2026 00:14
e3813282-469c-4fed-9571-fba069f26f60,steriliser.luxe,available,19.49,19.49,medium,low,10,namesilo,,,21/09/2026 06:06
9c8c325a-55f9-4d3b-9585-0d888a27cd68,chen.luxe,premium,854,17.7,high,low,4,namesilo,,,25/09/2026 04:12
465e3ba8-9423-40a2-9b40-ee16c075055d,improvement.luxe,available,19.49,19.49,high,low,11,namesilo,,,28/09/2026 16:57
46b8c8cb-800a-40ee-b503-fc8cbaf86933,trinitarian.luxe,available,15.73,15.73,medium,low,11,spaceship,,,02/10/2026 17:25
69b8d0a3-efc4-4283-86f9-bcf6e166135b,compelling.luxe,available,19.49,19.49,high,low,10,namesilo,,,23/09/2026 17:02
02c35899-4dcc-4fd6-a27f-a7ab45f0b612,prank.luxe,available,19.49,19.49,high,low,5,namesilo,,,22/09/2026 06:23
2c3c9f04-b7d4-4391-b462-a278ecdc6e5f,oak.luxe,premium,220,16.27,high,low,3,dynadot,,,30/09/2026 05:55
2f5924b1-88a1-48e1-a9e1-7cb2945bf1cb,mehmet.luxe,available,15.73,15.73,medium,low,6,spaceship,,,30/09/2026 20:59
d3c26ecf-3742-4376-ae1f-5233a44d4efb,tubby.luxe,available,19.49,19.49,medium,low,5,namesilo,,,08/09/2026 22:29
8edcac87-b32c-48c5-b037-f2d9f504a52e,follows.luxe,available,15.73,15.73,high,low,7,spaceship,,,27/09/2026 18:23
23352186-3c47-4814-81d0-29ba790bc1c4,fool.luxe,available,19.49,19.49,medium,low,4,namesilo,,,12/08/2026 15:15
85fc92c7-04d3-4462-be8a-5c35a420203b,tokugawa.luxe,available,15.73,15.73,low,low,8,spaceship,,,28/09/2026 09:08
a9bc2f49-f687-4e80-ae49-56ee4d682963,bitty.luxe,available,19.49,19.49,high,low,5,namesilo,,,10/08/2026 07:51
0c2101fe-8fe0-4e39-a875-53997a2d1f1a,tris.luxe,available,19.49,19.49,high,low,4,namesilo,,,30/09/2026 12:39
1d1c0673-c6d2-44b3-a943-170f61fbefbd,maleficent.luxe,available,19.49,19.49,medium,low,10,namesilo,,,24/08/2026 13:58
3da66ba7-d5ed-4a0d-a342-162eab6e3c7e,fairly.luxe,available,19.49,19.49,high,low,6,namesilo,,,24/09/2026 16:08
762dd22b-1cae-4c51-ac47-97dea4c63813,equivalent.luxe,available,19.49,19.49,high,low,10,namesilo,,,24/09/2026 14:50
bd131fc3-bd6d-4338-8626-ccdc0cf97e2b,madonna.luxe,available,19.49,19.49,high,low,7,namesilo,,,24/09/2026 06:06
7f3ee2c0-9ba3-432b-86a7-5578b3faa8ca,babbler.luxe,available,19.49,19.49,high,low,7,namesilo,,,21/09/2026 12:25
c5242d8d-39a6-4fe9-8f91-faaac213552e,purely.luxe,available,19.49,19.49,high,low,6,namesilo,,,15/09/2026 22:05
66a57c4c-380a-405e-b204-da296a92f8c5,parhelic.luxe,available,19.49,19.49,medium,low,8,namesilo,,,08/09/2026 01:31
1647a073-01cc-4d3c-8cb3-63306e21e213,excitement.luxe,available,19.49,19.49,high,low,10,namesilo,,,25/09/2026 05:50
1dc8bd2c-4bfa-40bd-ad9c-cb4545a13cfa,belgian.luxe,available,19.49,19.49,medium,low,7,namesilo,,,09/08/2026 12:51
53668277-1a76-491a-a905-3c5467f06a2f,cavities.luxe,available,15.2,15.2,medium,low,8,cloudflare,,,02/10/2026 11:26
6f2582a6-25cf-4e87-abbb-8acbf61b7b6f,dataflows.luxe,available,19.49,19.49,low,low,10,namesilo,,,21/09/2026 05:22
8e9d603d-5229-4ecf-9424-5c00a2aa9db6,langdon.luxe,available,19.49,19.49,medium,low,7,namesilo,,,28/09/2026 16:35
ae60dffa-a578-496e-a1a9-78836b46c5ec,vacations.luxe,premium,512,17.7,medium,low,9,namesilo,,,20/09/2026 00:12
05fe14b9-fa72-4c9e-a894-d69efa3118f0,retaliation.luxe,available,15.2,15.2,medium,low,11,cloudflare,,,29/09/2026 23:02
0ef0b019-271f-4b57-b539-0efb3917e9dc,sterope.luxe,available,19.49,19.49,low,low,7,namesilo,,,20/09/2026 17:14
390fd829-4ebb-440f-a31b-efd0e2cf4bf4,tavern.luxe,premium,2070.2,15.73,high,low,6,spaceship,,,28/09/2026 15:26
9da59417-6467-485e-b653-d69d5470319f,waukesha.luxe,available,15.2,15.2,medium,low,8,cloudflare,,,30/09/2026 14:02
d48bef87-f9f9-4290-ac8b-c65b211e39ca,painfully.luxe,available,19.49,19.49,medium,low,9,namesilo,,,14/09/2026 13:22
8704b314-1c70-4237-9e5f-69befeb91d45,calculates.luxe,available,19.49,19.49,medium,low,10,namesilo,,,21/09/2026 10:23
2a34ecc6-973e-4e5e-bcdf-02b91fc2d6a4,pastoral.luxe,available,19.49,19.49,high,low,8,namesilo,,,06/08/2026 14:20
00ed0295-b60a-42df-9e82-b0206b541c45,clad.luxe,available,19.49,19.49,high,low,4,namesilo,,,12/08/2026 09:13
3301f95d-6662-4ab0-829c-584ed207c3ed,duluth.luxe,available,15.73,15.73,high,low,6,spaceship,,,01/10/2026 19:17
9fb18ad2-cf96-47d1-bb91-fad6d53d9690,shi.luxe,premium,828.2,15.73,high,low,3,spaceship,,,30/09/2026 11:58
caea330a-093f-49a8-ba3a-8ab979fda38f,arched.luxe,available,19.49,19.49,medium,low,6,namesilo,,,06/08/2026 14:34
fe534a04-8cf0-4f40-bc59-cfe6c56990dd,tia.luxe,premium,828.2,15.73,high,low,3,spaceship,,,29/09/2026 20:30
581615d9-538f-4f1b-94b3-d970c0e5a5e3,pyramidal.luxe,available,19.49,19.49,medium,low,9,namesilo,,,09/09/2026 06:55
83926af4-b0ec-45cb-95f4-3efb40f745ff,tan.luxe,premium,854,17.7,high,low,3,namesilo,,,11/09/2026 07:50
032aa3f8-992a-41b7-964f-8323d0a8260e,reject.luxe,available,27.99,27.99,high,low,6,name.com,,,24/09/2026 20:15
4c221a19-6969-41a4-b54a-682103c27071,learn.luxe,available,15.73,15.73,high,medium,5,spaceship,,,30/09/2026 12:48
b9276887-32f7-4b09-afb3-e0e63b764005,exonerated.luxe,available,19.49,19.49,high,low,10,namesilo,,,
c1d156c2-5eb8-4441-a53b-5e46f802b1b6,metric.luxe,available,27.99,27.99,high,low,6,name.com,,,25/09/2026 19:58
63fe0e71-f415-4434-b8dc-16589657947a,moustaches.luxe,available,19.49,19.49,medium,low,10,namesilo,,,20/09/2026 09:53
f0d4e5af-3a50-4c22-873f-84fa1a808bff,fourier.luxe,available,19.49,19.49,medium,low,7,namesilo,,,22/09/2026 07:13
18918fee-79ef-404e-b65c-d5c8ea8e8449,gibb.luxe,available,15.73,15.73,medium,low,4,spaceship,,,29/09/2026 22:06
89c0dff6-1fd3-4e0b-94cc-43f8bee6ea35,fortunate.luxe,available,19.49,19.49,high,low,9,namesilo,,,18/08/2026 12:47
c29f5aaf-ec04-4d3b-9072-e9f767a302b8,handwoven.luxe,available,19.49,19.49,medium,low,9,namesilo,,,20/08/2026 23:19
4658b008-ee84-4e11-bd2a-319be23b6a6c,cherries.luxe,available,15.96,15.96,high,low,8,porkbun,,,01/10/2026 17:14
47619a84-4054-44e1-82c2-be80f2e39b40,ethereal.luxe,available,27.99,27.99,high,low,8,name.com,,,21/09/2026 21:04
fbc24b56-8a5f-4744-b570-d029c1b0c4a5,destinations.luxe,available,19.49,19.49,high,low,12,namesilo,,,20/09/2026 11:44
f8b17686-3a83-4c8b-b246-77420d79f789,tee.luxe,premium,207.2,15.73,high,low,3,spaceship,,,29/09/2026 18:55
2e55a144-aea3-4452-9a8c-41dd7593f7d6,carboxyl.luxe,available,19.49,19.49,medium,low,8,namesilo,,,11/08/2026 18:44
0697533c-5815-46c1-b381-d04deba6e5a9,cranky.luxe,available,19.49,19.49,medium,low,6,namesilo,,,13/08/2026 04:53
68ce7476-44cb-481b-8332-cfd73611bb87,melanesian.luxe,available,27.99,27.99,medium,low,10,name.com,,,24/08/2026 19:29
6869251b-8b49-46ec-8526-25f1be24cfdd,blur.luxe,available,19.49,19.49,high,low,4,namesilo,,,10/08/2026 14:05
659e57a7-f1d8-46a9-a32a-368dce9f169a,burnished.luxe,available,19.49,19.49,medium,low,9,namesilo,,,11/08/2026 10:59
1470f06d-f573-4e24-9ba5-e49c01cca77b,note.luxe,premium,1000,,high,medium,4,name.com,,,28/09/2026 21:29
5b92a07f-1094-43ca-bf04-b677259c3c66,vanadium.luxe,available,19.49,19.49,medium,low,8,namesilo,,,20/09/2026 22:37
e582effa-08d1-4553-b7ab-815dc8de9f64,throughout.luxe,available,19.49,19.49,medium,low,10,namesilo,,,17/08/2026 00:49
58d6eef6-618a-41ad-be51-7e1b022df622,enjoys.luxe,premium,2200,16.27,medium,low,6,dynadot,,,28/09/2026 23:12
5babd4b6-df7e-4816-9496-c2287e69d5bf,spartans.luxe,available,15.73,15.73,medium,low,8,spaceship,,,02/10/2026 02:39
39533147-01c6-40a2-8598-4a85c5c04646,zip.luxe,premium,242,17.7,high,low,3,namesilo,,,03/09/2026 22:43
0c929514-8b9f-4fcd-a9eb-f0f9af0a2697,honoring.luxe,available,15.73,15.73,high,low,8,spaceship,,,29/09/2026 13:04
dc713aed-f2e7-41dc-8c2b-b1d901e70888,indi.luxe,available,15.73,15.73,medium,low,4,spaceship,,,02/10/2026 02:15
dc0615a3-2482-4bab-b2d2-9e046008c4f0,shares.luxe,available,19.49,19.49,high,low,6,namesilo,,,
d0fd5d50-94c3-4f88-b855-5a2f76a480d4,msl.luxe,premium,220,16.27,high,low,3,dynadot,,,02/10/2026 20:16
7c822829-cd2a-490b-b34a-ab7a4c73022c,patriotism.luxe,available,15.73,15.73,high,low,10,spaceship,,,30/09/2026 05:24
3c2a3902-cbec-49cf-a164-be85db82860f,enceinte.luxe,available,19.49,19.49,medium,low,8,namesilo,,,16/08/2026 22:09
bab517e0-725d-4f9b-9dd0-d881a6c12698,boned.luxe,available,19.49,19.49,medium,low,5,namesilo,,,10/08/2026 18:34
1abd5c08-6003-40f4-9509-7b869f469b7d,unexpired.luxe,available,19.49,19.49,medium,low,9,namesilo,,,12/09/2026 09:38
c4092ef4-d5b8-4564-94c3-776007b24681,wrestle.luxe,available,19.49,19.49,high,low,7,namesilo,,,29/09/2026 01:07
0b1612ef-bdd0-43f6-8825-4de8a84494bd,roundish.luxe,available,,,high,medium,8,,,,09/09/2026 19:04
e5869c64-faa3-4adc-bfa7-e17d79732174,unburdened.luxe,available,19.49,19.49,high,low,10,namesilo,,,11/08/2026 10:27
0dee7100-76be-437b-a72a-366f074dadfa,feelingly.luxe,available,,,medium,low,9,,,,14/09/2026 18:18
d304ab2b-e710-4fa9-8cc1-77e01e59e6cc,income.luxe,available,19.49,19.49,high,low,6,namesilo,,,29/09/2026 23:55
a3421877-b7db-4046-a85e-cb3731ab97d4,dated.luxe,available,27.99,27.99,medium,low,5,name.com,,,13/08/2026 18:40
d64dda25-8442-479b-8c4f-41be7474a1d4,westlake.luxe,available,19.49,19.49,high,low,8,namesilo,,,
a22310b5-1d91-4a89-8893-96489094663e,brat.luxe,available,19.49,19.49,high,low,4,namesilo,,,30/09/2026 08:49
1a119288-b12c-4215-9f5b-29a054df9771,even.luxe,premium,512,17.7,high,medium,4,namesilo,,,19/09/2026 12:57
bb45e64f-c036-46bb-b67f-92c1dfeaca7b,akhenaton.luxe,available,19.49,19.49,medium,low,9,namesilo,,,17/09/2026 23:57
f706a81c-f78f-4fd0-ba67-a4004b968aa9,honeymoon.luxe,premium,828.2,15.73,high,low,9,spaceship,,,27/09/2026 14:05
df97e8d2-fa72-44da-87ba-4543d47da9db,lancelot.luxe,available,15.73,15.73,high,low,8,spaceship,,,30/09/2026 17:50
6276e056-f0df-4816-94aa-d0775b29bafa,gras.luxe,available,15.73,15.73,medium,low,4,spaceship,,,01/10/2026 16:24
4cd061ba-4b37-4317-a33c-a474275aa60a,membranes.luxe,available,15.2,15.2,medium,low,9,cloudflare,,,02/10/2026 02:30
33fc3c44-56ee-43ce-af5f-5f0a1ebce2ea,renounce.luxe,available,15.96,15.96,high,low,8,porkbun,,,29/09/2026 14:11
9b30e2e1-3993-4384-9de4-ab24b4f0be56,agamemnon.luxe,available,19.49,19.49,medium,low,9,namesilo,,,17/09/2026 16:06
c8c806a4-cbf5-4d7f-94e4-5dbe7c8b3e86,arbitrage.luxe,available,19.49,19.49,high,low,9,namesilo,,,20/09/2026 00:42
c9fb2849-c9d6-45ea-aea3-ccb927e8a938,dismal.luxe,available,19.49,19.49,medium,low,6,namesilo,,,14/08/2026 11:38
4365d37a-382d-492d-b190-cc20f5a54c3d,donor.luxe,available,19.49,19.49,high,low,5,namesilo,,,23/09/2026 10:42
ebeaadc6-fc6c-4fca-806b-80b2bac5e6fa,naively.luxe,available,19.49,19.49,medium,low,7,namesilo,,,15/09/2026 16:00
38116b9a-f765-48fd-a4dc-83dd647c872b,audrey.luxe,premium,96,17.7,high,low,6,namesilo,,,25/09/2026 14:38
7946cf59-2e53-4c97-9c82-ddaf34f2ece2,rekt.luxe,available,19.49,19.49,low,low,4,namesilo,,,
d7d8661a-0200-4e70-b18a-f88fd6cc0070,vocalists.luxe,available,19.49,19.49,medium,low,9,namesilo,,,19/09/2026 21:58
373b9626-e6d5-403d-87a3-9d70c618d37b,sponges.luxe,available,15.73,15.73,medium,low,7,spaceship,,,02/10/2026 14:10
09dd269d-9610-4345-852a-fc115adf8f92,placing.luxe,available,16.27,16.27,medium,low,7,dynadot,,,28/09/2026 21:04
28922ac3-fe5b-42bf-af4a-e8822162adb6,fulfil.luxe,available,15.96,15.96,high,low,6,porkbun,,,01/10/2026 22:07
8da27c57-b57c-4f65-8ab8-299ccdd846e8,foliage.luxe,available,15.2,15.2,high,low,7,cloudflare,,,30/09/2026 01:40
8223c20f-f8c5-40ef-9a7c-f6165ba59f44,hwy.luxe,available,16.27,16.27,medium,low,3,dynadot,,,29/09/2026 05:03
15bf2863-40b9-42ff-8d42-bd95e435a1c5,mmr.luxe,premium,242,17.7,high,low,3,namesilo,,,02/10/2026 03:24
d80f8f0c-34bf-46bd-b9d8-0d15fd855e02,zaman.luxe,available,19.49,19.49,high,low,5,namesilo,,,18/09/2026 03:15
870d9508-92ba-48c6-bf68-a3230e829d3d,oodles.luxe,available,19.49,19.49,high,low,6,namesilo,,,14/09/2026 23:32
d5062411-5d19-4ec7-82f4-daa32e19d3ca,accord.luxe,available,19.49,19.49,high,low,6,namesilo,,,16/09/2026 22:54
e7162d59-f011-4d69-b05b-6648d6e0eed2,prodigally.luxe,available,19.49,19.49,medium,low,10,namesilo,,,15/09/2026 21:38
774de85d-8428-478d-a067-bb046a22c625,joan.luxe,premium,96,17.7,high,low,4,namesilo,,,25/09/2026 11:39
5029b26f-4c99-4c76-b55d-891373978d08,isometric.luxe,available,19.49,19.49,high,low,9,namesilo,,,22/08/2026 11:10
35b31b26-15b9-4dee-8abd-6bf13baeed16,shooter.luxe,available,,,medium,low,7,,,,24/09/2026 19:04
22e5b726-0200-4f63-8eb5-623ebac829a3,coffeepots.luxe,available,19.49,19.49,medium,low,10,namesilo,,,21/09/2026 00:56
c5329380-e26c-45d6-aa61-df02c6936d24,cider.luxe,available,19.49,19.49,high,low,5,namesilo,,,29/09/2026 06:22
59c0283c-8238-4c58-bd31-65c63d3a2afb,ewart.luxe,available,15.73,15.73,medium,low,5,spaceship,,,30/09/2026 21:28
3588f4ef-b0e2-451e-a156-6ad61d7bce83,terry.luxe,premium,88,16.27,high,low,5,dynadot,,,29/09/2026 18:32
348976f0-675a-49c2-8a9e-a5221d47419d,scaling.luxe,available,19.49,19.49,high,low,7,namesilo,,,03/10/2026 01:02
da862a65-b346-4fa5-90d4-2e94bfef8777,noc.luxe,premium,,,high,low,3,,,,01/10/2026 03:06
9a61e59a-1946-4762-ad50-39c045b8d955,somehow.luxe,available,19.49,19.49,medium,low,7,namesilo,,,28/09/2026 15:41
6e3ced0d-fb55-4d31-8ca4-a25a27bc8004,derriere.luxe,available,19.49,19.49,medium,low,8,namesilo,,,09/08/2026 11:55
43035e6f-09ad-4bb6-8bbc-bcce7fe6f795,destitute.luxe,available,19.49,19.49,medium,low,9,namesilo,,,14/08/2026 04:32
950d405c-7d5d-4318-8d94-cecfc3be0521,mclain.luxe,available,15.96,15.96,medium,low,6,porkbun,,,02/10/2026 20:58
f024dffa-4405-43db-b582-2db044ac11bf,stm.luxe,premium,207.2,15.73,high,medium,3,spaceship,,,03/10/2026 01:16
7dbc10b8-45b8-4b9c-834e-9bbc5c1d0256,language.luxe,available,19.49,19.49,high,low,8,namesilo,,,25/09/2026 15:54
3a8d2209-a3ab-4e8b-ba72-5bdaba70bcef,slipped.luxe,available,19.49,19.49,high,low,7,namesilo,,,18/09/2026 02:25
6c4449a6-4009-474e-bfbb-2aa57a3a9fcb,namur.luxe,available,16.27,16.27,medium,low,5,dynadot,,,30/09/2026 18:07
4572c6fd-aa69-4471-bf37-da857e8605eb,cloudberry.luxe,available,,,medium,low,10,,,,21/09/2026 20:03
e444c4f6-f71c-4a37-ab84-3be72f8ac8b6,zippy.luxe,available,19.49,19.49,high,low,5,namesilo,,,11/08/2026 04:35
3c874202-0785-420c-a57c-972c958b974a,inaudible.luxe,available,19.49,19.49,medium,low,9,namesilo,,,22/08/2026 00:33
e2a7117c-7ef2-4274-9136-311b4505090a,thee.luxe,premium,512,17.7,high,low,4,namesilo,,,30/09/2026 21:59
180267e4-5c71-4034-84ba-fa709276c2a5,toys.luxe,premium,854,17.7,high,low,4,namesilo,,,20/09/2026 06:04
62ab1b44-0589-4c93-866b-f4ee243f67f8,polythene.luxe,available,15.2,15.2,medium,low,9,cloudflare,,,30/09/2026 07:10
68bdbfe7-7cce-4acb-9ba3-dc73f9e98e35,triangle.luxe,available,15.73,15.73,high,low,8,spaceship,,,28/09/2026 09:33
b3f66460-58dd-44ea-8e57-2bbfbf0120cc,northwards.luxe,available,27.99,27.99,medium,low,10,name.com,,,03/09/2026 21:25
99843a71-0cee-4af6-aa91-14eca6326700,father.luxe,available,19.49,19.49,high,low,6,namesilo,,,29/09/2026 02:01
6d71eaa7-4a03-43d8-bd42-8eebb3594590,assistive.luxe,available,19.49,19.49,medium,low,9,namesilo,,,07/08/2026 06:40
0522bd42-cbec-46f0-bc28-bcf64489dd60,wondered.luxe,available,15.2,15.2,high,low,8,cloudflare,,,01/10/2026 17:45
f4e2fb4a-0ef2-46fa-831e-272541881741,roadman.luxe,available,,,medium,low,7,,,,21/09/2026 18:08
962576b1-e739-4db6-be91-a7bbf3aefb36,criterial.luxe,available,19.49,19.49,medium,low,9,namesilo,,,13/08/2026 07:27
93df0a2d-c433-4a02-ad65-c6a8e7b29b01,rachel.luxe,premium,100,27.99,high,low,6,name.com,,,25/09/2026 10:13
9a2c50bf-a853-4721-a2f1-4ac4372804ad,neutron.luxe,available,19.49,19.49,high,low,7,namesilo,,,29/09/2026 07:41
ffb385c4-eefe-4447-8664-be37c3b1cc33,chairs.luxe,premium,500,,medium,low,6,name.com,,,17/09/2026 18:32
a5c34cc4-a44d-40aa-b063-6f6c45caf8f9,agreeably.luxe,available,,,medium,low,9,,,,13/09/2026 18:22
09b6cad6-a910-48f1-bbae-f0d80845714f,realization.luxe,available,19.49,19.49,high,low,11,namesilo,,,29/09/2026 22:49
77001bd6-ea49-4648-836e-be3c5cd7cd73,ruin.luxe,available,19.49,19.49,high,low,4,namesilo,,,08/08/2026 13:39
e3fa2b44-e373-465e-a29f-4391dc372d63,papal.luxe,available,19.49,19.49,medium,low,5,namesilo,,,06/08/2026 04:09
2295f15a-4c74-42f3-a297-cc37e301a304,encampment.luxe,available,19.49,19.49,medium,low,10,namesilo,,,08/09/2026 09:14
9a538d34-1069-499b-82f7-21f0790901c2,midland.luxe,available,19.49,19.49,high,low,7,namesilo,,,24/08/2026 22:36
09a6f79e-9358-4b00-aed7-ab08f11c9f53,herbs.luxe,available,19.49,19.49,high,low,5,namesilo,,,17/09/2026 01:23
f592ee55-d77c-43a8-ad8e-d365a25deed5,padma.luxe,available,15.73,15.73,high,low,5,spaceship,,,30/09/2026 20:22
958ebeed-7bd1-4384-a196-58401ab9344e,notify.luxe,available,15.73,15.73,high,low,6,spaceship,,,30/09/2026 15:16
26582ae4-133f-4b7b-890d-7ec4961fb1bf,seepage.luxe,available,19.49,19.49,medium,low,7,namesilo,,,04/09/2026 15:38
f22d1b70-79a7-44cd-b868-4974611d7836,towne.luxe,available,19.49,19.49,medium,low,5,namesilo,,,29/09/2026 09:05
be269148-1d41-48a9-aa5e-2de578c396c8,inhabitants.luxe,available,19.49,19.49,medium,low,11,namesilo,,,29/09/2026 23:30
d230b434-ace3-4ffd-8c3c-4a90bed32220,torpedoes.luxe,available,19.49,19.49,low,low,9,namesilo,,,29/09/2026 11:10
f75eb948-dee6-4a5f-8601-8e4b05038c55,davao.luxe,available,19.49,19.49,medium,low,5,namesilo,,,30/09/2026 22:13
ebf873e2-1742-42a4-9360-05ef745179c2,chills.luxe,available,19.49,19.49,high,low,6,namesilo,,,02/10/2026 21:49
2e24547b-c743-4715-bbd8-5a71193551da,fpc.luxe,premium,242,17.7,medium,low,3,namesilo,,,03/10/2026 04:00
4347f0e8-f802-4d71-b911-b5491466f380,phra.luxe,available,19.49,19.49,medium,low,4,namesilo,,,01/10/2026 23:41
6371cb87-452f-414e-bf09-fe66acc4f99c,oakville.luxe,available,15.73,15.73,medium,low,8,spaceship,,,02/10/2026 10:19
6b8ec682-7061-42c2-9d18-b20f67f12947,earthen.luxe,available,19.49,19.49,high,low,7,namesilo,,,14/08/2026 22:38
50ca56e3-0edd-4739-9a41-cee4a482b9f7,rudolph.luxe,available,19.49,19.49,high,low,7,namesilo,,,25/09/2026 14:11
42c14093-1712-46a5-b852-30815e446488,scour.luxe,available,19.49,19.49,high,low,5,namesilo,,,10/09/2026 00:23
442f2ec3-0167-4e18-80a3-771c07210a11,hormones.luxe,available,15.73,15.73,medium,low,8,spaceship,,,28/09/2026 23:02
6482f3e8-5341-44a2-8af8-f91d9072c504,affirmations.luxe,available,19.49,19.49,medium,low,12,namesilo,,,21/09/2026 01:56
9ab9d68b-408b-43b4-9de0-5903bbee889f,news.luxe,resell,,,high,medium,4,"GoDaddy.com, LLC",22/01/2021 23:56,22/01/2027 23:56,01/10/2026 16:32
9ee55bb2-fa2b-45fa-8977-de9247da0a8d,hanging.luxe,available,19.49,19.49,high,low,7,namesilo,,,25/09/2026 04:41
1d5680cb-0c92-4794-94ec-90a36780d42b,embraced.luxe,available,19.49,19.49,medium,low,8,namesilo,,,29/09/2026 23:57
e696a4f6-b941-4bc1-a7e2-6a88e29b9852,sports.luxe,premium,207.2,15.73,high,medium,6,spaceship,,,01/10/2026 19:07
2bf2fdf3-70cb-4189-a1fa-89ae61ebaf43,adaxial.luxe,available,19.49,19.49,medium,low,7,namesilo,,,
6947a61c-65f0-4ffb-a2ec-80690df86a97,flexible.luxe,available,27.99,27.99,high,low,8,name.com,,,23/09/2026 18:12
b733449a-0612-49c7-a22c-2057f1f210ec,bluegrass.luxe,available,15.73,15.73,high,low,9,spaceship,,,02/10/2026 04:05
f5d60b85-ebe8-4e93-bada-392642ee89f1,queenly.luxe,available,19.49,19.49,medium,low,7,namesilo,,,09/09/2026 07:52
1d632fa4-5f74-4c0f-9e3f-903cb33c5f5b,pleaded.luxe,available,16.27,16.27,medium,low,7,dynadot,,,29/09/2026 22:56
d77af3f4-cadf-43cb-bc82-8a5847eff86c,variform.luxe,available,19.49,19.49,medium,low,8,namesilo,,,13/09/2026 01:22
0ac60032-96f3-4cc7-8bb3-2b3f922c48e4,bavaria.luxe,available,19.49,19.49,high,low,7,namesilo,,,22/09/2026 16:42
3f868004-f011-4d81-8dcb-cd6deb1ba17f,glendale.luxe,available,19.49,19.49,high,low,8,namesilo,,,01/10/2026 10:33
c3294d89-aaa1-47f3-926f-8dce9e692105,brewster.luxe,available,19.49,19.49,medium,low,8,namesilo,,,28/09/2026 11:34
77609ce8-76ba-4c28-8219-bf7db78d888a,captivated.luxe,available,19.49,19.49,medium,low,10,namesilo,,,09/08/2026 09:52
9a53ba1d-42b8-4831-b156-c226ebc9f889,waco.luxe,available,15.2,15.2,high,low,4,cloudflare,,,28/09/2026 06:51
4744bf68-a15b-42c7-bdf1-39d89fb2425e,footage.luxe,available,15.2,15.2,high,low,7,cloudflare,,,28/09/2026 01:55
6bf16c35-73d4-492f-b3df-cb0f5aaf8c29,hangman.luxe,available,15.2,15.2,high,low,7,cloudflare,,,02/10/2026 05:10
4a781549-54bc-446f-b888-fa69eb8cfedf,ghanaian.luxe,available,19.49,19.49,high,low,8,namesilo,,,18/08/2026 23:10
ea47c40f-d434-4f43-ac97-e7030c916231,predominantly.luxe,available,19.49,19.49,medium,low,13,namesilo,,,01/10/2026 05:46
29bdb8e2-724a-4b95-84b3-5ceab672af41,prestigious.luxe,available,19.49,19.49,high,low,11,namesilo,,,29/09/2026 08:35
37080089-8235-4a65-bfb0-6ce1fca45415,signals.luxe,available,19.49,19.49,high,low,7,namesilo,,,27/09/2026 09:40
8d362270-9879-4c94-bfef-2b51fd7ef88d,mcgraw.luxe,available,19.49,19.49,medium,low,6,namesilo,,,28/09/2026 06:05
cf9103f0-b8e7-4496-b8f5-cdfa1ccb5026,chevalier.luxe,available,19.49,19.49,high,low,9,namesilo,,,11/08/2026 22:49
d98f2130-7561-4f76-80a3-82048635b74f,intersex.luxe,available,19.49,19.49,high,low,8,namesilo,,,17/08/2026 10:33
4e3b42e7-f593-4cd5-a7a8-51f631e0261e,nay.luxe,premium,242,17.7,medium,low,3,namesilo,,,15/09/2026 16:14
69f5914c-74dc-4ab6-b67b-6ea088c780d5,composed.luxe,available,27.99,27.99,high,low,8,name.com,,,23/09/2026 17:50
2d5fba51-5271-4cea-b735-5451aab27b34,painless.luxe,available,19.49,19.49,high,low,8,namesilo,,,04/09/2026 23:04
c515fa20-1274-44d1-b9e1-bd8c0b5dc62a,smc.luxe,premium,220,16.27,high,low,3,dynadot,,,30/09/2026 21:13
6df7e572-0d7b-43ad-86a3-954309567773,snuffle.luxe,available,19.49,19.49,high,medium,7,namesilo,,,10/09/2026 12:50
7e3e10a4-abce-425a-968c-41560047733b,avahi.luxe,available,19.49,19.49,medium,low,5,namesilo,,,21/09/2026 08:36
0039a1ce-5f86-441f-8c83-97b3c7f28e88,farmer.luxe,available,19.49,19.49,high,low,6,namesilo,,,08/09/2026 06:02
c382a4cc-ea8b-4cee-9df6-765e2916260c,adipose.luxe,available,19.49,19.49,medium,low,7,namesilo,,,
81524a8b-26c9-49ad-b4e3-6174632a0db0,cloisonne.luxe,available,19.49,19.49,high,low,9,namesilo,,,12/08/2026 01:39
4870fd51-be90-4795-b377-4299e43a9bf0,anionic.luxe,available,19.49,19.49,medium,low,7,namesilo,,,
0ba86e6b-2738-4c5b-b71b-5705330d2ccc,hoopla.luxe,available,19.49,19.49,high,low,6,namesilo,,,21/09/2026 23:33
6de89b0e-90ec-43df-a078-12d9dfecb5ad,racy.luxe,available,27.99,27.99,medium,low,4,name.com,,,18/08/2026 18:00
82a6872f-3fb8-42dc-a655-89fa8aa6d995,presenting.luxe,available,15.73,15.73,medium,low,10,spaceship,,,28/09/2026 17:29
8050aae4-3593-4d2c-8897-a36f9cab330c,mwe.luxe,premium,207.2,15.73,high,low,3,spaceship,,,02/10/2026 18:52
8b44da4d-1669-4b5a-a670-99386c88533e,manky.luxe,available,19.49,19.49,medium,low,5,namesilo,,,24/08/2026 15:12
b6e73b74-be38-4d61-9f55-70f69974c340,geometric.luxe,available,19.49,19.49,high,low,9,namesilo,,,18/08/2026 22:32
f1687665-0d62-4dee-b4a4-258376ce68cb,executions.luxe,available,15.73,15.73,medium,low,10,spaceship,,,30/09/2026 07:47
ca177186-421d-4ea2-9386-0aa81003ba5b,teaser.luxe,available,19.49,19.49,high,low,6,namesilo,,,19/09/2026 10:50
1af38a32-2229-40a7-b331-26d569b135fa,killed.luxe,available,19.49,19.49,medium,low,6,namesilo,,,17/09/2026 12:17
ab57512e-0737-47e8-a3b1-cb63cd378a97,donee.luxe,available,19.49,19.49,high,low,5,namesilo,,,09/08/2026 14:26
1accf34b-9eb3-43b8-a124-8d6b03fe7b3e,dyslexic.luxe,available,19.49,19.49,medium,low,8,namesilo,,,14/08/2026 22:03
d15fc82f-4e28-4cfa-82ee-15ddfb23d720,bremer.luxe,available,19.49,19.49,high,low,6,namesilo,,,30/09/2026 04:16
2f99cb87-8fd2-4f6e-a94f-7a7a0319d7cd,because.luxe,available,16.27,16.27,high,low,7,dynadot,,,30/09/2026 21:38
3fa6166d-462a-4a01-b1d7-6aef9914c75a,firebird.luxe,available,19.49,19.49,high,low,8,namesilo,,,22/09/2026 00:21
570c4ca2-3d15-4896-916b-a867b3ad5683,oatmeal.luxe,available,19.49,19.49,high,low,7,namesilo,,,29/09/2026 05:27
308db826-7508-411a-819a-d6a8c5f81642,bookkeeping.luxe,available,19.49,19.49,high,low,11,namesilo,,,01/10/2026 11:18
6199c821-44f4-4ff2-9d74-b1acdc34e6ac,vor.luxe,premium,242,17.7,medium,low,3,namesilo,,,30/09/2026 03:38
5ff2025b-2e0b-4f74-b381-e6f56ab990b5,dabbler.luxe,available,19.49,19.49,medium,low,7,namesilo,,,14/08/2026 07:42
b75f4438-6d4a-44ef-8fee-2a696fc6efa6,rigid.luxe,available,19.49,19.49,high,low,5,namesilo,,,27/09/2026 15:17
bdd4ae59-f6c4-403b-a568-a286a39ea095,habitation.luxe,available,16.27,16.27,high,low,10,dynadot,,,02/10/2026 14:54
4827bc44-7a26-4a7c-9044-7deca3502457,mmm.luxe,premium,854,17.7,high,low,3,namesilo,,,02/10/2026 17:34
281c011f-2ed2-4131-af83-baca9e0a5c64,sunstone.luxe,available,19.49,19.49,high,low,8,namesilo,,,21/09/2026 09:07
7f59b509-b8e4-4d04-b98e-e3c04d266e0d,glen.luxe,available,16.27,16.27,high,low,4,dynadot,,,29/09/2026 19:03
de39f3f4-efa1-40d0-8337-81f25c7b7109,tuning.luxe,available,19.49,19.49,high,low,6,namesilo,,,29/09/2026 08:16
bbef24c7-933c-42de-9dd5-c1ac14f2d692,paulina.luxe,available,15.96,15.96,high,low,7,porkbun,,,30/09/2026 20:13
f1c4e4e4-e7d9-409c-92e7-6855763f1073,elongate.luxe,available,19.49,19.49,high,low,8,namesilo,,,16/08/2026 05:24
7aca0e81-4550-4248-9d8a-747d362540a3,upc.luxe,premium,207.2,15.73,high,low,3,spaceship,,,30/09/2026 21:48
2e593494-eeb5-4ff9-bc4d-d08568585489,varese.luxe,available,15.73,15.73,medium,low,6,spaceship,,,03/10/2026 00:34
02e03e02-c3c3-4a09-b270-5b00b7181382,tatum.luxe,available,19.49,19.49,high,low,5,namesilo,,,20/09/2026 10:00
bac88a2b-c4d5-4a55-aa68-0269425c81bb,gloriously.luxe,available,19.49,19.49,high,low,10,namesilo,,,14/09/2026 21:45
3f7c1df7-f30b-4b54-9c30-e9bff6e86784,celebrities.luxe,premium,,,medium,low,11,,,,28/09/2026 23:49
49cf621d-ae22-4587-b422-fa2d8dea4171,implementing.luxe,available,19.49,19.49,medium,low,12,namesilo,,,01/10/2026 16:36
d810dae3-d2f5-49c4-a393-25a841cc8e92,kazakh.luxe,available,16.27,16.27,medium,low,6,dynadot,,,28/09/2026 14:39
4ead8eca-1dd8-4dc6-93a0-5b411687928f,scant.luxe,available,19.49,19.49,medium,low,5,namesilo,,,09/09/2026 22:36
8930624b-3068-4fdd-879c-c7d7493518af,coleman.luxe,premium,96,17.7,high,low,7,namesilo,,,25/09/2026 15:48
d2f0b89d-9eb1-4c9d-8c1d-601ad4a60665,reef.luxe,available,19.49,19.49,high,low,4,namesilo,,,28/09/2026 10:48
2c63a5fb-5c3d-4bbc-939e-6c011621b3fc,arnhem.luxe,available,19.49,19.49,medium,low,6,namesilo,,,20/09/2026 08:09
71b28252-81d1-4a3f-ab25-87932bb0c59e,lavoisier.luxe,available,19.49,19.49,medium,low,9,namesilo,,,19/09/2026 15:25
166d3aff-bdfe-4640-99f1-d1cf31790d37,amok.luxe,available,19.49,19.49,high,low,4,namesilo,,,
43daa521-fec5-4c27-ac5b-8e057f674145,hawes.luxe,available,19.49,19.49,medium,low,5,namesilo,,,29/09/2026 22:21
57349e4a-aeaa-4b3e-b2cc-b7b4271a45c0,blase.luxe,available,19.49,19.49,medium,low,5,namesilo,,,10/08/2026 13:19
e33041fc-7bd8-4ee7-bfac-ee4231dee989,plasmas.luxe,available,19.49,19.49,medium,low,7,namesilo,,,30/09/2026 15:59
50c47812-99be-4899-a084-9b9a29223c0a,deepen.luxe,available,19.49,19.49,high,low,6,namesilo,,,12/08/2026 19:32
f6f6606d-07f6-4bf5-b56b-f7fbf221dd1c,launceston.luxe,available,16.27,16.27,medium,low,10,dynadot,,,02/10/2026 20:38
8743eb76-e25d-4a2f-9731-ca320c1342df,silk.luxe,premium,854,17.7,high,medium,4,namesilo,,,27/09/2026 05:19
8487451c-dae7-4b08-8ae4-a423308bf565,combining.luxe,available,15.2,15.2,high,low,9,cloudflare,,,29/09/2026 18:23
b7f213a9-f5b4-423e-9414-e57bc32b456a,blah.luxe,available,19.49,19.49,high,low,4,namesilo,,,24/09/2026 03:41
042458fa-313e-444d-aead-9a1fcef90e2d,steinmetz.luxe,available,19.49,19.49,high,low,9,namesilo,,,02/10/2026 23:57
7438be76-0bff-4729-87a1-6541ad2b1198,sneak.luxe,available,19.49,19.49,high,low,5,namesilo,,,23/09/2026 12:44
eae1d612-ba48-47f0-a3c0-981a131e118d,rebuff.luxe,available,19.49,19.49,medium,low,6,namesilo,,,10/09/2026 10:49
5c3e14d2-2d1a-4fff-a440-9cd694313235,boggs.luxe,available,16.27,16.27,medium,low,5,dynadot,,,29/09/2026 04:30
d1741e72-e341-404b-97e0-56fd1cefdba6,braithwaite.luxe,available,19.49,19.49,medium,low,11,namesilo,,,02/10/2026 00:44
144d3a5f-1ed4-4535-a4d5-957892da4f75,mandelbrot.luxe,available,19.49,19.49,medium,low,10,namesilo,,,23/09/2026 08:35
8d5847f0-45c9-45e4-bee0-4d091109e529,vojvodina.luxe,available,16.27,16.27,medium,low,9,dynadot,,,01/10/2026 23:46
edf63883-fd9d-4766-ab78-9adc50245b5f,pedagogical.luxe,available,19.49,19.49,medium,low,11,namesilo,,,03/10/2026 03:05
605b3878-69b8-4999-b0e8-310feaba8f70,receptor.luxe,available,15.73,15.73,high,low,8,spaceship,,,30/09/2026 18:26
b8c1e69d-1b94-4f01-88a9-d78d8c6f0333,impeding.luxe,available,19.49,19.49,medium,low,8,namesilo,,,12/08/2026 11:44
77ce3092-1620-42a0-b9a0-5d0154b22f6b,abampere.luxe,available,19.49,19.49,medium,low,8,namesilo,,,16/09/2026 13:54
615ea12f-938e-4868-9c93-7a4e980bd132,journeyman.luxe,available,15.2,15.2,medium,low,10,cloudflare,,,28/09/2026 22:18
08fbc3f1-f191-462d-8460-c2d941b80d87,edinburgh.luxe,available,15.73,15.73,high,low,9,spaceship,,,29/09/2026 12:09
d7d37696-ad8e-4780-a43c-cce56811f6cf,aglet.luxe,available,,,medium,low,5,,,,17/09/2026 18:21
e17d1cb5-1b9b-4472-82bc-2c0049650a7f,doctorial.luxe,available,19.49,19.49,medium,low,9,namesilo,,,14/08/2026 14:21
48962a92-69c0-4f4c-9aca-b3b16f579f6e,welfare.luxe,available,19.49,19.49,high,low,7,namesilo,,,08/09/2026 03:13
3444f7d7-292c-42fa-b67a-e658f74d592e,stokes.luxe,available,15.2,15.2,medium,low,6,cloudflare,,,28/09/2026 22:21
1f5c4664-b13c-41c1-ba8d-6f5067d17835,islamist.luxe,available,15.73,15.73,high,low,8,spaceship,,,02/10/2026 05:26
f12078ae-fecf-45c1-8ebd-09fd4e934936,falk.luxe,available,19.49,19.49,high,low,4,namesilo,,,03/10/2026 03:40
79d84927-c1f7-46b1-b0d7-6725f73028ca,nerd.luxe,premium,220,16.27,high,medium,4,dynadot,,,29/09/2026 17:17
255ae57e-83f6-4b4b-abf9-489b379110e3,fredrick.luxe,available,19.49,19.49,high,low,8,namesilo,,,02/10/2026 09:22
561d6d6d-e359-4536-94a5-7ab6a53a2286,genitive.luxe,available,19.49,19.49,medium,low,8,namesilo,,,18/08/2026 21:46
7913d8de-9a30-462e-a6f7-29be495b3c1c,tit.luxe,premium,828.2,15.73,high,low,3,spaceship,,,29/09/2026 19:36
3088e448-3a48-4c84-bba2-2d0215842a98,spokesman.luxe,available,19.49,19.49,high,low,9,namesilo,,,29/09/2026 08:06
64d62bd8-65ff-4d2a-83ab-ad459869e48b,hips.luxe,available,15.73,15.73,medium,low,4,spaceship,,,28/09/2026 22:48
cf517f75-8398-4502-94e2-69be89d896d8,plc.luxe,premium,242,17.7,high,low,3,namesilo,,,25/09/2026 12:32
0f9e8f7a-1311-453d-a594-0818c2433341,fulsome.luxe,available,19.49,19.49,medium,low,7,namesilo,,,11/08/2026 11:40
9634d804-a1d9-4601-8588-0a7b2ac8cf93,immoderate.luxe,available,27.99,27.99,medium,low,10,name.com,,,21/08/2026 21:07
1e17f4cd-24d3-4561-986a-647f076cb828,nibbed.luxe,available,19.49,19.49,low,low,6,namesilo,,,03/09/2026 16:57
0c1616eb-d5ca-4da3-b580-4a59c51a40d5,denude.luxe,available,19.49,19.49,medium,low,6,namesilo,,,14/08/2026 02:02
9e0e3dfd-ca9d-416c-9d6c-07840b23bcca,cummings.luxe,available,19.49,19.49,medium,low,8,namesilo,,,25/09/2026 04:27
7ebb9ed1-0fc9-4763-ade1-1e3432397545,assortment.luxe,available,19.49,19.49,high,low,10,namesilo,,,25/08/2026 07:59
e85a596c-3086-450d-9f57-87c9f7eb4775,custard.luxe,available,,,high,low,7,,,,24/09/2026 20:38
2bcc682a-afbc-4330-a31e-56a215a90be4,california.luxe,premium,2070.2,15.73,high,medium,10,spaceship,,,29/09/2026 05:55
b2704a1f-2587-4453-8e10-2d0b758699fc,millie.luxe,available,16.27,16.27,high,low,6,dynadot,,,29/09/2026 09:08
91150b2c-fec7-448c-ab4e-478847730bed,dorm.luxe,available,19.49,19.49,high,low,4,namesilo,,,24/09/2026 23:35
b6c8bd4a-2ac1-45b0-9c55-5101c6430104,rests.luxe,available,19.49,19.49,medium,low,5,namesilo,,,18/09/2026 07:14
48c455d2-c788-4482-97d8-5629148d968b,swam.luxe,available,16.27,16.27,medium,low,4,dynadot,,,30/09/2026 05:56
a00428c3-06e6-4bb1-a8f3-ae35dd957be6,denise.luxe,premium,96,17.7,medium,low,6,namesilo,,,25/09/2026 14:19
f4376da0-c7fc-4fc5-94e0-1eccc898091a,comics.luxe,available,27.99,,high,low,6,name.com,,,
bf09a8bb-f3d9-43cd-9660-740b2640bc03,vlad.luxe,available,15.73,15.73,high,low,4,spaceship,,,02/10/2026 00:50
5622c583-8987-40a5-9500-4af26501d197,authors.luxe,available,19.49,19.49,medium,low,7,namesilo,,,29/09/2026 23:35
12f3ab51-cd70-47d3-a9ff-81132040ed3f,flick.luxe,available,15.96,15.96,high,low,5,porkbun,,,29/09/2026 06:54
702ff87d-03fc-42da-a2b7-2fc09ca50be0,olaf.luxe,available,16.27,16.27,medium,low,4,dynadot,,,28/09/2026 07:48
b24cd04d-44b9-437c-a145-83b1d9500862,reader.luxe,premium,500,,high,low,6,name.com,,,30/09/2026 02:38
10c87bf4-875b-43b2-9999-df16699c9f34,bahasa.luxe,available,19.49,19.49,medium,low,6,namesilo,,,21/09/2026 18:41
6614b17e-ed73-4bc7-9964-ccff3f537068,miranda.luxe,premium,96,17.7,high,low,7,namesilo,,,25/09/2026 12:16
f8640ef7-3480-4b0c-b1c3-1a6dfa456c7d,spectacular.luxe,available,19.49,19.49,high,low,11,namesilo,,,27/09/2026 17:02
0142bb15-a5b9-41c1-a73c-8771469323ab,texture.luxe,premium,414.2,15.73,high,low,7,spaceship,,,28/09/2026 20:37
557ff4d9-f350-41bb-b064-feae1b2d37ce,beira.luxe,available,19.49,19.49,medium,low,5,namesilo,,,23/09/2026 04:20
789ed6a0-9c4c-4b63-9b2c-e71e4f2a184b,latterly.luxe,available,19.49,19.49,medium,low,8,namesilo,,,15/09/2026 10:54
42295d6a-c996-4316-aeac-3e0cf3542a09,scheme.luxe,available,15.73,15.73,high,low,6,spaceship,,,30/09/2026 10:40
8ce528b4-3965-4fa9-bc53-bbee481a5da7,pva.luxe,premium,207.2,15.73,high,low,3,spaceship,,,30/09/2026 18:22
60df6fc4-ee34-432d-bebc-ce36dbcda9ae,vos.luxe,premium,207.2,15.73,medium,low,3,spaceship,,,29/09/2026 17:24
fd2b64d3-d392-4f0b-85a0-872b59537093,valiant.luxe,available,19.49,19.49,high,low,7,namesilo,,,13/09/2026 00:55
a1264eaa-0847-49c1-a917-1842b2f4d621,dada.luxe,premium,242,17.7,high,high,4,namesilo,,,08/09/2026 23:40
89c02011-7126-44c2-ac3c-3e50e6a6020f,faster.luxe,available,,,high,low,6,,,,14/09/2026 17:46
6baa87cf-99e3-496b-8ae0-b5ddf3b23dc1,bears.luxe,available,19.49,19.49,high,low,5,namesilo,,,
dbca95e1-1222-4d23-a495-4bd88fdab927,reasoning.luxe,available,19.49,19.49,high,low,9,namesilo,,,09/09/2026 11:10
9ad3a2f4-cc9a-4674-b2e9-c8b9f66b2be7,carbonate.luxe,available,15.2,15.2,high,low,9,cloudflare,,,02/10/2026 14:33
cd5c2a99-1706-4650-95cf-d1cae5190b78,spur.luxe,available,,,high,low,4,,,,16/09/2026 20:35
cda42c50-71bd-4e37-ae71-bddb6cf5ff42,anastasia.luxe,premium,2660,17.7,medium,low,9,namesilo,,,29/09/2026 03:46
7619124d-5434-4e37-b59c-5e106db1edc2,arhus.luxe,available,19.49,19.49,medium,low,5,namesilo,,,16/09/2026 13:26
07dd6e7b-c993-41a5-82f1-3ccf23a1a3ac,supervillains.luxe,available,19.49,19.49,low,low,13,namesilo,,,21/09/2026 05:46
fe573e03-0d4c-4b85-88f5-c913e7b90fd8,openly.luxe,available,,,high,low,6,,,,15/09/2026 17:59
f9e4e1ef-3277-4689-8e3f-ec4dcf1a8e84,scapular.luxe,available,19.49,19.49,medium,low,8,namesilo,,,09/09/2026 22:51
a8b7b0df-2fb9-463a-a0c9-b31ad7070100,trotsky.luxe,available,15.2,15.2,medium,low,7,cloudflare,,,28/09/2026 19:41
706f7ee7-f24b-4f86-9b75-428cabbfdbeb,loyalty.luxe,premium,96,17.7,high,low,7,namesilo,,,18/09/2026 10:32
edd445e3-e2fd-4125-9870-35b460b2b10f,apologies.luxe,available,15.96,15.96,high,low,9,porkbun,,,29/09/2026 03:19
27abb9d3-7eb8-451e-b87d-cfbe4e23f6dd,scenery.luxe,available,15.2,15.2,high,low,7,cloudflare,,,28/09/2026 15:20
2d5ba732-f147-416b-89df-1e4945d4c817,amazing.luxe,premium,96,17.7,high,low,7,namesilo,,,22/09/2026 03:51
4776c4bd-977e-46f5-9dcf-9bde5a512ee9,vibratory.luxe,available,19.49,19.49,medium,low,9,namesilo,,,13/09/2026 05:09
43402942-b9bd-4e2f-81d3-a4b54bc85090,westerly.luxe,available,19.49,19.49,medium,low,8,namesilo,,,13/09/2026 10:53
07b31018-6ffa-441c-8b2f-40b4d8cbc75f,assertion.luxe,available,19.49,19.49,high,low,9,namesilo,,,20/09/2026 16:14
eb2e900d-12fc-4e4e-964f-201d43ae175b,oder.luxe,available,15.2,15.2,medium,low,4,cloudflare,,,28/09/2026 20:01
ce428f4d-5066-469c-8e23-d5fce75e7189,denys.luxe,available,15.73,15.73,medium,low,5,spaceship,,,01/10/2026 08:46
76398df3-32d7-4b47-b705-2ef1b0476c15,madman.luxe,available,19.49,19.49,high,low,6,namesilo,,,24/08/2026 11:20
7e1d10a1-c7f1-43a4-9ea9-6635992bc5d4,endow.luxe,available,19.49,19.49,high,low,5,namesilo,,,24/09/2026 23:37
a451b091-e376-4a4a-a690-60efb5edcdbb,chattahoochee.luxe,available,15.73,15.73,medium,low,13,spaceship,,,30/09/2026 22:12
26394cbb-f3f9-43fd-b227-998cbfaa379e,katharine.luxe,available,15.73,15.73,high,low,9,spaceship,,,30/09/2026 04:44
bd10ff4c-8155-4d02-b57c-831bff7dadb3,toledo.luxe,available,19.49,19.49,medium,low,6,namesilo,,,28/09/2026 15:28
c0b7a11b-634b-456e-a8d0-75dffa1eb385,apidae.luxe,available,19.49,19.49,medium,low,6,namesilo,,,19/09/2026 17:24
da8fbded-1a56-4a93-bf49-be003ba79aa1,prophets.luxe,available,15.2,15.2,high,low,8,cloudflare,,,30/09/2026 10:35
ebdb8e3a-2ddb-488b-a11f-fce485ffe0b3,cream.luxe,premium,854,17.7,high,low,5,namesilo,,,01/10/2026 02:33
d1b1f392-a96d-4052-a95b-d923de7e864f,austere.luxe,premium,96,17.7,medium,low,7,namesilo,,,22/09/2026 13:15
c77da27e-fd69-4935-bbd5-71a55e1d6a2c,accretion.luxe,available,19.49,19.49,high,low,9,namesilo,,,16/09/2026 23:14
2e25f75b-9914-467d-86e1-30035c539c24,inexplicit.luxe,available,19.49,19.49,medium,low,10,namesilo,,,21/08/2026 22:39
944eabd3-8c5b-444c-99e6-9f5c0a47cbc5,unto.luxe,available,19.49,19.49,medium,low,4,namesilo,,,29/09/2026 03:05
ce7335c4-c5f5-4dda-a368-1ce0bd0ac40f,hades.luxe,available,,,high,low,5,,,,17/09/2026 20:48
9a84e902-7b5c-498e-a140-dd6fc57fc8c4,foote.luxe,available,15.73,15.73,medium,low,5,spaceship,,,28/09/2026 08:03
18b2f5e4-4567-46b1-a9d3-9f516ac0e942,fibers.luxe,available,15.2,15.2,medium,low,6,cloudflare,,,29/09/2026 10:34
25d240b6-1e64-4783-aa17-5ced7e867018,corsican.luxe,available,19.49,19.49,high,low,8,namesilo,,,13/08/2026 02:33
208f375d-2d66-4df2-a67e-7628a326bb19,otiose.luxe,available,27.99,27.99,medium,low,6,name.com,,,17/08/2026 20:56
b7918953-8514-4b3c-a1e9-270d2d49e6c5,creditably.luxe,available,19.49,19.49,medium,low,10,namesilo,,,14/09/2026 09:30
126c0dc7-a8a9-494e-95bc-ee5a10444afc,steady.luxe,available,19.49,19.49,high,low,6,namesilo,,,27/09/2026 06:34
1884bf9e-4795-4979-99d3-428350a11f05,serene.luxe,premium,2500,27.99,high,low,6,name.com,,,11/08/2026 14:51
14327008-2cf4-49b0-83da-5215a98bea5e,aristocrats.luxe,available,19.49,19.49,medium,low,11,namesilo,,,30/09/2026 15:48
bdb54e51-7a2c-441c-aa20-849c1947a789,timetable.luxe,available,15.73,15.73,high,low,9,spaceship,,,28/09/2026 20:39
506d6d21-5639-4de3-8ed3-30cd14c01886,groin.luxe,available,15.73,15.73,medium,low,5,spaceship,,,29/09/2026 18:05
9629ca15-b346-4e59-b85d-c81531bb4e52,resource.luxe,available,15.73,15.73,high,low,8,spaceship,,,28/09/2026 20:20
585701d1-1f5f-4854-81d4-4e472658834b,pigeons.luxe,available,19.49,19.49,medium,low,7,namesilo,,,20/09/2026 07:08
4580f1a7-6a7c-4d9c-a2ae-d630ad67abe7,straying.luxe,available,19.49,19.49,medium,low,8,namesilo,,,10/09/2026 22:14
a11c7d25-49a2-4d7b-a5aa-c5d0bc404db2,rpg.luxe,premium,218.86,16.9,high,low,3,porkbun,,,29/09/2026 20:51
8e87c3d8-1e36-47f2-8f97-d73d37a61fa7,vicky.luxe,premium,96,17.7,medium,low,5,namesilo,,,29/09/2026 03:57
5fa208e2-147c-416f-9650-813e6abdc302,disclose.luxe,available,15.2,15.2,high,low,8,cloudflare,,,29/09/2026 20:42
652063fe-e5a7-4a6d-b95e-ede247aa835c,excitable.luxe,available,19.49,19.49,medium,low,9,namesilo,,,17/08/2026 16:22
1f9dfe73-e101-4aba-be73-43febec3988b,wines.luxe,premium,854,17.7,high,low,5,namesilo,,,18/09/2026 10:23
0bb952c1-a99c-4c66-99f8-9f215a962382,nosy.luxe,available,19.49,19.49,medium,low,4,namesilo,,,03/09/2026 21:48
3b5bd5f8-db81-4ebb-af9b-37fed1277283,scramble.luxe,available,19.49,19.49,high,low,8,namesilo,,,24/09/2026 15:13
f2584ce0-0c9b-4e2b-a7ce-ec8e2c4f50e9,boylston.luxe,available,15.73,15.73,medium,low,8,spaceship,,,01/10/2026 12:42
8b0f78a7-a61a-47bb-928f-9c42801a5540,myeloid.luxe,available,19.49,19.49,medium,low,7,namesilo,,,03/09/2026 12:06
628d5846-d7ba-4629-be48-d3e253181eec,jealousy.luxe,available,15.96,15.96,medium,low,8,porkbun,,,28/09/2026 09:57
fefd79aa-d8e4-4881-bc6e-d0d215e3e131,celibate.luxe,available,19.49,19.49,high,low,8,namesilo,,,11/08/2026 23:25
2348a88f-5e56-4723-91ec-b78c4186727f,luggage.luxe,premium,414.2,15.73,high,low,7,spaceship,,,29/09/2026 00:30
5e9e1170-3008-490a-bc1d-bddac4e51930,breathe.luxe,available,15.73,15.73,high,low,7,spaceship,,,30/09/2026 16:28
97ad93cb-15de-4bee-b74b-183739202032,xxxviii.luxe,available,19.49,19.49,medium,low,7,namesilo,,,
285e3592-e05c-4ae6-b02a-bf3deaa0a4fd,heine.luxe,available,15.96,15.96,high,low,5,porkbun,,,29/09/2026 15:16
82732034-3649-47a8-956b-017744c6513d,fizzle.luxe,available,19.49,19.49,medium,low,6,namesilo,,,11/08/2026 11:19
baccd610-6509-48db-8393-8e84643dfa26,oka.luxe,premium,,,high,low,3,,,,01/10/2026 21:09
7bbe0e87-256a-4c44-8177-d00be7aed59b,credal.luxe,available,19.49,19.49,medium,low,6,namesilo,,,13/08/2026 05:52
96d1ba65-4043-41a9-99d8-906039b5bf0e,norvasc.luxe,available,19.49,19.49,medium,low,7,namesilo,,,18/09/2026 21:58
3a9d72a4-4dc2-4576-bc8f-ca5f06d2086b,baryta.luxe,available,19.49,19.49,medium,low,6,namesilo,,,22/09/2026 09:42
358688ca-4edb-4006-85a8-4e8612002a33,cage.luxe,available,19.49,19.49,high,low,4,namesilo,,,22/09/2026 14:36
ab5301ab-f259-4310-b919-7e892b1d013f,picnic.luxe,resell,,,high,low,6,"GoDaddy.com, LLC",05/05/2021 13:03,05/05/2027 13:03,26/09/2026 08:09
a6be737c-5285-4cd6-b6a8-34d53fd9fcc6,compromised.luxe,available,15.2,15.2,low,low,11,cloudflare,,,28/09/2026 13:03
b1ddfb4a-bb89-4e22-a020-42c826878f00,tomlinson.luxe,available,19.49,19.49,medium,low,9,namesilo,,,28/09/2026 12:15
74d9afdc-4780-4d04-b931-c90915e9e720,neighbour.luxe,available,16.27,16.27,high,low,9,dynadot,,,30/09/2026 05:34
5b0a09b9-4fb1-40a7-ad6f-fed91e91aecf,apropos.luxe,available,19.49,19.49,high,low,7,namesilo,,,06/08/2026 10:00
c90dbef8-febc-4004-ba91-25e9027e06c0,langton.luxe,available,15.73,15.73,medium,low,7,spaceship,,,01/10/2026 11:01
83429f04-8d42-44cc-b9df-fcd63d68db9a,sleekly.luxe,available,19.49,19.49,medium,low,7,namesilo,,,16/09/2026 02:30
fa9dce12-8812-48f3-bca0-5a21805dd7c7,reversing.luxe,available,19.49,19.49,high,low,9,namesilo,,,01/10/2026 06:12
13604030-3ddb-4eba-9b69-586b7b1ce6c5,mecca.luxe,available,19.49,19.49,high,low,5,namesilo,,,30/09/2026 04:13
ccef7c27-908a-4c0c-9bc3-007fdae48b19,bergson.luxe,available,19.49,19.49,medium,low,7,namesilo,,,23/09/2026 09:22
cc3fa003-f9a3-46f0-bc8c-e3b8249b72ad,nonstick.luxe,available,19.49,19.49,medium,low,8,namesilo,,,03/09/2026 20:45
a05cbf35-4e6a-46b8-bc0e-62080ec663b7,amati.luxe,available,19.49,19.49,high,low,5,namesilo,,,18/09/2026 16:09
12f87d12-eab0-4b10-a11b-7dc1c8fa9b4c,geocentric.luxe,available,19.49,19.49,medium,low,10,namesilo,,,18/08/2026 22:16
ecd7c3cf-44c8-4bcc-8879-5d33a37465da,olga.luxe,available,19.49,19.49,medium,low,4,namesilo,,,27/09/2026 01:37
13da0b08-6988-45f5-b109-04ddc2bb6ac1,drilled.luxe,available,27.99,27.99,medium,low,7,name.com,,,14/08/2026 19:21
0aa3a9e5-9f9a-4ab6-a3f7-0b64e6c767d4,traitors.luxe,available,15.73,15.73,low,low,8,spaceship,,,30/09/2026 15:38
413025f7-e62c-46da-9bc8-9ac968f5bf92,ideology.luxe,available,15.73,15.73,high,low,8,spaceship,,,30/09/2026 01:57
7bb53ec3-8260-4b2d-8c10-d50db17fd2db,amusive.luxe,available,27.99,27.99,medium,low,7,name.com,,,
4c8edf48-85d4-4822-b0cd-1f272929a071,imprint.luxe,available,15.73,15.73,high,low,7,spaceship,,,29/09/2026 18:45
d8e6016e-38b2-48d2-808d-10c47472f7c4,sighted.luxe,available,19.49,19.49,high,low,7,namesilo,,,27/09/2026 21:56
d09e2f2d-d1eb-44ae-b777-beb7baef1430,ripened.luxe,available,,,medium,low,7,,,,09/09/2026 17:55
cac86fcf-a029-43f1-805a-49a9d0a78e71,beads.luxe,premium,828.2,15.73,high,low,5,spaceship,,,29/09/2026 01:39
9ab73d83-f42a-4e3f-84d6-f9d1d47b306d,unlikable.luxe,available,19.49,19.49,medium,low,9,namesilo,,,12/09/2026 00:58
976276f4-34d6-4d1d-a6d2-e1cbf380eb2b,bernice.luxe,premium,96,17.7,medium,low,7,namesilo,,,28/09/2026 21:58
728353b2-50aa-4861-b88c-d12c0c018400,analytics.luxe,resell,,,high,low,9,"GoDaddy.com, LLC",05/05/2021 13:31,05/05/2027 13:31,03/10/2026 04:08
fe308ba8-bce6-4bb5-858e-af8b41c2a993,plankton.luxe,available,15.73,15.73,high,low,8,spaceship,,,01/10/2026 21:18
6d3ebd81-f4d4-4045-b94d-6a6ea8ac39fe,oran.luxe,available,15.2,15.2,high,low,4,cloudflare,,,29/09/2026 07:47
501e1b58-5e62-4b49-be32-deb87366a065,unnoted.luxe,available,,,medium,low,7,,,,04/09/2026 21:08
58e18bf6-405d-43c5-8f40-34558b9ecefe,snuggled.luxe,available,19.49,19.49,medium,low,8,namesilo,,,03/09/2026 15:48
ea010fb3-5bfe-4ec5-94ee-5ab130efc503,inpatient.luxe,available,19.49,19.49,medium,low,10,namesilo,,,20/09/2026 21:46
7e87ea10-5712-402d-8ce0-b48dc166dd6e,sanford.luxe,available,19.49,19.49,medium,low,7,namesilo,,,25/09/2026 16:16
480d0f71-f2e8-4068-aedf-624dc8ca0f7c,tsunami.luxe,available,15.73,15.73,high,low,7,spaceship,,,01/10/2026 22:00
c4d3541a-85cb-4df1-b0e0-3a456c587afd,tapping.luxe,available,19.49,19.49,high,low,7,namesilo,,,28/09/2026 20:35
b7b23d2e-0369-4c06-8e41-f4bff533ff5c,wrinkle.luxe,available,19.49,19.49,medium,low,7,namesilo,,,13/08/2026 07:11
d4d75b0b-e171-4939-84ee-b6bdf775de54,purple.luxe,resell,,,high,medium,6,"Chengdu West Dimension Digital Technology Co., Ltd.",16/08/2026 00:03,16/08/2027 00:03,26/09/2026 08:25
c2698218-778f-4b09-8664-be5d243dabd8,annelida.luxe,available,19.49,19.49,medium,low,8,namesilo,,,19/09/2026 10:23
dbcf7f2e-6956-4716-9bb8-4078a226b09b,pennies.luxe,available,19.49,19.49,medium,low,7,namesilo,,,
aa5254d9-2287-4b77-9fd6-16788e0f3592,racing.luxe,available,19.49,19.49,high,low,6,namesilo,,,30/09/2026 09:07
81ba2fbc-d2c4-4a20-838c-73444b0a67db,cervical.luxe,available,19.49,19.49,high,low,8,namesilo,,,12/08/2026 00:58
0b99e387-f71a-4d46-92a5-01a0087634d4,colette.luxe,available,19.49,19.49,high,low,7,namesilo,,,30/09/2026 09:13
a7b21f0d-7334-4447-97f7-4cc5838c75f7,admitted.luxe,available,19.49,19.49,medium,low,8,namesilo,,,27/09/2026 22:14
c8f4ae9d-8f15-49ce-8126-a257ce2bfc19,rid.luxe,premium,242,17.7,high,low,3,namesilo,,,30/09/2026 18:36
abce5487-1fe6-49c7-a470-631ad84bbe8d,dimmed.luxe,available,19.49,19.49,medium,low,6,namesilo,,,14/08/2026 08:08
b7a807d8-b025-4708-b9bd-c88987b03bf2,dia.luxe,premium,220,16.27,high,medium,3,dynadot,,,02/10/2026 14:50
da002459-ba4a-4ac0-a64c-b39d4ef13507,bacca.luxe,available,19.49,19.49,high,low,5,namesilo,,,21/09/2026 13:55
67ca712a-74ef-44c3-b161-b7430839a9d6,trailblazer.luxe,available,15.73,15.73,high,low,11,spaceship,,,03/10/2026 02:32
5d070ae4-7c83-46b6-bb59-b615ced9071e,caron.luxe,available,15.73,15.73,high,low,5,spaceship,,,30/09/2026 19:21
0518766e-4b78-4a1a-a08b-7cca52a6e0bb,breakfast.luxe,premium,242,17.7,high,low,9,namesilo,,,04/09/2026 13:27
a99678b3-bd06-4621-bc49-dabf066e1f2d,baskets.luxe,available,15.2,15.2,medium,low,7,cloudflare,,,30/09/2026 07:05
a6e12419-dadb-49dd-a4d7-275ef28fb46e,circumstances.luxe,available,19.49,19.49,medium,low,13,namesilo,,,27/09/2026 02:27
000407fc-ff06-48eb-907f-bc2ab65bcbc9,moneron.luxe,available,19.49,19.49,medium,low,7,namesilo,,,25/08/2026 04:30
28f6da11-9294-4980-9aae-4619701cb8e3,subaltern.luxe,available,19.49,19.49,medium,low,9,namesilo,,,22/08/2026 14:29
b909dd2d-b219-49c2-b8af-7f6c8ed621c2,stocked.luxe,available,,,medium,low,7,,,,10/09/2026 20:54
346d7a8e-f475-428b-890e-1d1d1e676451,ends.luxe,available,19.49,19.49,high,low,4,namesilo,,,25/09/2026 13:13
49004681-559a-490f-997a-adc05fdfdbe7,cohn.luxe,available,29.99,29.99,medium,low,4,godaddy,,,28/09/2026 01:41
cef2c7bf-fd04-426f-bef9-f1f04c5f08ae,anew.luxe,available,,,high,low,4,,,,13/09/2026 18:03
6996653c-4689-49ca-949c-f543fbd13a38,graze.luxe,available,19.49,19.49,high,low,5,namesilo,,,02/10/2026 05:06
0857de60-c7c5-4070-a709-010f7080391e,pagan.luxe,available,19.49,19.49,medium,low,5,namesilo,,,18/08/2026 21:57
49445849-9e8f-4aff-afdf-79a04cd93cf7,dose.luxe,available,15.73,15.73,high,low,4,spaceship,,,29/09/2026 00:13
52e1d21d-b8fa-49d5-a2a4-9b43f619f6dd,goes.luxe,available,19.49,19.49,high,low,4,namesilo,,,25/09/2026 16:38
c2c9b872-d13d-42ca-8f14-6098a06bb908,sequences.luxe,available,15.73,15.73,medium,low,9,spaceship,,,30/09/2026 23:57
1b42a6d0-d92e-409e-ba4e-3daeafa40480,slogans.luxe,available,15.73,15.73,medium,low,7,spaceship,,,02/10/2026 22:51
70dd0849-bd07-43ff-bbef-df7f23ca8096,eerie.luxe,available,19.49,19.49,high,low,5,namesilo,,,15/08/2026 12:43
4e214903-c045-4023-ad7f-204147960750,broadband.luxe,available,19.49,19.49,high,low,9,namesilo,,,30/09/2026 09:42
5b4df0f5-d541-4eda-af9a-9cc4a32a7d77,despite.luxe,available,15.96,15.96,high,low,7,porkbun,,,29/09/2026 11:22
84686a81-d63f-4bf6-96a7-71daaa4415a5,scioto.luxe,available,15.73,15.73,medium,low,6,spaceship,,,02/10/2026 10:27
f47635dc-10c2-4e09-9348-4babf1c34611,substrates.luxe,available,19.49,19.49,medium,low,10,namesilo,,,25/09/2026 21:45
9515bc09-7021-43db-8958-ff6a6918167e,competing.luxe,available,19.49,19.49,high,low,9,namesilo,,,01/10/2026 10:19
f6bbba88-dc33-441a-80fa-a389a6f7b278,alienating.luxe,available,19.49,19.49,medium,low,10,namesilo,,,
847a1ed5-985e-480b-869e-21397317e753,puzzling.luxe,available,19.49,19.49,high,low,8,namesilo,,,17/08/2026 09:15
17818300-ce91-4b01-9a51-61f4bd177a82,bingle.luxe,available,19.49,19.49,medium,low,6,namesilo,,,19/09/2026 16:38
537a8e2c-81d2-45ca-a417-ce6b143ab991,sacrificing.luxe,available,15.73,15.73,medium,low,11,spaceship,,,30/09/2026 14:38
083e7f34-11c3-4a6a-8313-a105dea3e78f,alter.luxe,available,15.73,15.73,high,low,5,spaceship,,,02/10/2026 11:43
916b099c-ec0a-4b50-ac07-ec980637a3d1,liberals.luxe,available,15.2,15.2,medium,low,8,cloudflare,,,01/10/2026 17:10
c9b99f77-75ef-4b12-992e-5e9a4a7c6095,heroic.luxe,available,19.49,19.49,high,low,6,namesilo,,,24/09/2026 14:31
07b20322-465b-4fa1-b7e6-19cd613f7420,analogy.luxe,available,15.73,15.73,high,low,7,spaceship,,,28/09/2026 21:11
b28500f5-276d-422f-b882-d41734bd1280,diehards.luxe,available,19.49,19.49,medium,low,8,namesilo,,,20/09/2026 23:29
323ac767-415a-4a08-b017-6f5c90ecad46,facto.luxe,available,15.73,15.73,medium,low,5,spaceship,,,30/09/2026 23:44
3cab7eb1-1405-46a1-b9f7-c76b7099e2db,holcomb.luxe,available,15.2,15.2,medium,low,7,cloudflare,,,30/09/2026 13:42
c7dfb628-cf64-4778-b749-38a207eb41a2,bigamy.luxe,available,19.49,19.49,medium,low,6,namesilo,,,23/09/2026 15:03
fa56d54d-6661-4835-aff7-0303e78c6027,inscribe.luxe,available,19.49,19.49,high,low,8,namesilo,,,21/09/2026 06:39
39c0b78f-2c49-4f9e-8a00-b1aa62f9af04,unfading.luxe,available,19.49,19.49,high,low,8,namesilo,,,12/09/2026 09:53
8a65bd5b-52b4-402c-9ef5-fefaa358358a,inflexibly.luxe,available,19.49,19.49,medium,low,10,namesilo,,,15/09/2026 08:16
9cbfd968-f659-4936-951b-f5cb774ba7bf,pune.luxe,available,15.2,15.2,medium,low,4,cloudflare,,,30/09/2026 12:49
1408263c-341c-4442-9814-f3a7b57fe5ad,aldo.luxe,premium,,,high,low,4,,,,29/09/2026 04:10
ea62078e-31da-4778-bc9e-795e1993e5e6,retirement.luxe,premium,2070.2,15.73,high,low,10,spaceship,,,30/09/2026 10:06
9975d9d6-eb20-4807-9c12-08c4d19730bf,macclesfield.luxe,available,16.27,16.27,medium,low,12,dynadot,,,02/10/2026 10:21
c7eef189-5fc5-42c0-8b6b-1c4c1e7d06bd,bitt.luxe,premium,242,17.7,medium,low,4,namesilo,,,23/09/2026 22:49
0a02dbfd-ede1-448e-9f06-3d7cb07e7267,wilhelm.luxe,available,,,high,low,7,,,,25/09/2026 18:53
3daaf9ac-0e02-41c9-8c7f-4fd3e883737b,bluewing.luxe,available,19.49,19.49,medium,low,8,namesilo,,,19/09/2026 02:57
358db113-a8b2-4141-8fe3-a233b35073b2,cemeteries.luxe,available,15.73,15.73,medium,low,10,spaceship,,,30/09/2026 14:40
f935afe9-ace2-41a9-ac6e-9fe477c53c68,peiping.luxe,available,19.49,19.49,medium,low,7,namesilo,,,23/09/2026 04:16
ec1a1753-eb44-464d-9a98-fdd84a66cb90,attic.luxe,available,19.49,19.49,high,low,5,namesilo,,,07/08/2026 15:46
82f76b56-441d-459e-9601-dda1416e2963,hurt.luxe,available,19.49,19.49,high,low,4,namesilo,,,25/09/2026 06:49
d5526bda-7b29-475a-bded-9d6e1ded50b6,trebuchet.luxe,available,19.49,19.49,medium,low,9,namesilo,,,20/09/2026 00:39
1bb43175-6f6d-4728-8dde-09e6192da4d4,saloon.luxe,available,19.49,19.49,high,low,6,namesilo,,,22/09/2026 03:40
232dea13-4d62-4601-97b7-5e50ab77485e,stamping.luxe,available,19.49,19.49,high,low,8,namesilo,,,02/10/2026 07:11
f5906aef-00f9-4d1e-9565-dfa681db1b36,fayetteville.luxe,available,19.49,19.49,high,low,12,namesilo,,,28/09/2026 04:16
43d13bcd-0069-48c5-b1a5-cc93c0d57869,bmdo.luxe,available,19.49,19.49,medium,low,4,namesilo,,,21/09/2026 22:57
ab64e050-0b26-4981-b9e4-1d0942b1732d,orbit.luxe,available,19.49,19.49,high,medium,5,namesilo,,,18/09/2026 16:49
2b659c17-22f3-42cb-a57b-95113d0b630c,savage.luxe,available,19.49,19.49,high,low,6,namesilo,,,08/08/2026 15:36
e947299d-20f1-4f0d-bdde-6896056e604b,logging.luxe,available,15.73,15.73,high,low,7,spaceship,,,29/09/2026 19:34
4b212f71-f9f1-46b7-aae9-c2d86f5179d8,unpleasant.luxe,available,19.49,19.49,medium,low,10,namesilo,,,12/09/2026 16:58
1cf358b1-4e86-4a79-8544-a0729e22b661,verses.luxe,available,15.73,15.73,medium,low,6,spaceship,,,30/09/2026 06:45
63dd40b3-4115-4f02-98ad-6f9ef4c1c14a,mooney.luxe,available,15.96,15.96,high,low,6,porkbun,,,28/09/2026 03:44
ad4e144e-9cfa-44a2-bf1e-9047a1f9ec60,binocular.luxe,available,19.49,19.49,high,low,9,namesilo,,,10/08/2026 00:15
ea31711d-3527-4611-bd51-2ec3f397770b,anthidium.luxe,available,19.49,19.49,medium,low,9,namesilo,,,19/09/2026 13:22
039d3d68-6776-4e07-92a3-52d50cfc643c,glamorgan.luxe,available,19.49,19.49,medium,low,9,namesilo,,,29/09/2026 21:59
05811561-247f-4024-8d61-eb3d39f26ed2,haggard.luxe,available,27.99,27.99,medium,low,7,name.com,,,10/08/2026 18:56
1079a831-5f9b-41cf-95fc-2f7c23f5ab09,gorky.luxe,available,19.49,19.49,high,low,5,namesilo,,,18/09/2026 05:08
e7f48f99-b965-42a9-a73b-af762e23d490,hits.luxe,available,19.49,19.49,high,low,4,namesilo,,,19/09/2026 23:53
503b3e34-44ad-46e7-ac60-5f0b7ba837cb,denis.luxe,available,27.99,27.99,high,low,5,name.com,,,25/09/2026 15:03
2cdded16-4d95-4f3e-b4c4-3dbd9b24a7ef,manipulative.luxe,available,19.49,19.49,medium,low,12,namesilo,,,30/09/2026 19:49
cecb14b3-2ba4-4823-a6cf-c809156379df,monocled.luxe,available,19.49,19.49,medium,low,8,namesilo,,,09/08/2026 17:15
33da37fb-c758-46f8-bde3-90ec985948ea,congolese.luxe,available,19.49,19.49,high,low,9,namesilo,,,12/08/2026 21:54
3b2d7353-ca81-42f0-b92a-17a0c542c403,cabinets.luxe,premium,2660,17.7,medium,low,8,namesilo,,,30/09/2026 15:51
4155cfc7-abd8-415f-9bb5-357e0926bfe8,bordering.luxe,available,15.73,15.73,high,low,9,spaceship,,,30/09/2026 12:10
47778608-0725-4f6d-9c94-fcc9c853e721,ameba.luxe,available,19.49,19.49,medium,low,5,namesilo,,,18/09/2026 17:40
b18fa60b-d6ea-4da6-b77d-6c05f66b534d,mela.luxe,available,19.49,19.49,high,low,4,namesilo,,,01/10/2026 22:20
1f005c99-e533-4b1a-98c1-52411785b1d7,ruled.luxe,available,15.73,15.73,high,low,5,spaceship,,,27/09/2026 16:50
b035db95-1ee9-4865-97ec-b7e9ddadcaa0,precise.luxe,available,19.49,19.49,high,low,7,namesilo,,,27/09/2026 04:53
9c600b97-18a3-4079-8143-c5a4501c28bc,perfected.luxe,available,19.49,19.49,high,low,9,namesilo,,,27/09/2026 03:35
925defc8-3488-4751-a1b3-511a70ae438c,continuous.luxe,available,19.49,19.49,high,low,10,namesilo,,,23/09/2026 22:20
ca4c5afb-39d7-4830-9b0a-d75a2c101eff,formality.luxe,available,15.2,15.2,high,low,9,cloudflare,,,30/09/2026 09:43
6ac2c109-9bbf-4838-b138-74fa46b93207,shy.luxe,premium,854,17.7,high,low,3,namesilo,,,27/09/2026 21:35
b54ba434-0b4a-44ff-b57a-22241e969dbd,ppe.luxe,premium,242,17.7,high,low,3,namesilo,,,02/10/2026 12:28
ceb29711-fdd6-47a8-96af-5d00d05f1b01,proximate.luxe,available,19.49,19.49,high,low,9,namesilo,,,09/09/2026 04:46
d19fba90-8f25-4400-862b-77819de86e04,liquidate.luxe,available,15.73,15.73,high,low,9,spaceship,,,03/10/2026 02:30
aa65fa34-57f7-43d5-88b9-99c0eb42a4b2,zonal.luxe,available,19.49,19.49,medium,low,5,namesilo,,,13/09/2026 15:29
e049af04-ad6b-4a48-bf69-dc013a033ce1,police.luxe,available,15.73,15.73,high,low,6,spaceship,,,29/09/2026 11:14
a5defc4d-fa75-4161-aa19-450b959b52a9,gospel.luxe,available,19.49,19.49,high,low,6,namesilo,,,24/09/2026 14:58
9c7b7730-5b4d-400d-b107-2a81005a7fc7,burleigh.luxe,available,15.96,15.96,medium,low,8,porkbun,,,30/09/2026 13:50
41f0352d-736a-423e-a864-112ac74801fd,settlement.luxe,premium,,,high,low,10,,,,28/09/2026 01:43
12a9ce58-ad9c-4c38-9a90-08de37942fff,palmae.luxe,available,19.49,19.49,medium,low,6,namesilo,,,20/09/2026 03:32
0ae6c508-ee1c-488f-aaa9-6fea6a4624e4,ameer.luxe,available,,,medium,low,5,,,,18/09/2026 18:04
154763a6-4575-4bf2-adda-513929244b4e,filial.luxe,available,19.49,19.49,medium,low,6,namesilo,,,18/08/2026 04:17
d4b40e08-57f9-4ff7-8cce-a46ab38bd165,karl.luxe,available,19.49,19.49,high,low,4,namesilo,,,25/09/2026 13:41
5da50352-566c-40c4-b333-bc870ab67df7,okada.luxe,available,15.73,15.73,medium,low,5,spaceship,,,30/09/2026 20:35
3e231794-861d-4353-9a1d-0fc5b29b3505,nobility.luxe,available,19.49,19.49,high,low,8,namesilo,,,20/09/2026 05:50
97f0269e-f1b5-4657-b522-bbbcbad54496,taipei.luxe,premium,2183.84,16.9,high,low,6,porkbun,,,29/09/2026 07:03
9b66c66a-22d7-4c7a-ac08-cc589ad4b244,canadiens.luxe,available,19.49,19.49,medium,low,9,namesilo,,,30/09/2026 13:32
aac18f86-c76f-40a6-a28e-f696cb6f0ffd,lotus.luxe,premium,880,16.27,high,high,5,dynadot,,,29/09/2026 06:44
7b530977-499b-4ad3-a01e-a1b4158f0088,approving.luxe,available,19.49,19.49,medium,low,9,namesilo,,,06/08/2026 08:49
9b1aaf6b-b4d9-442b-a63e-1070b374b71b,deane.luxe,available,15.73,15.73,medium,low,5,spaceship,,,28/09/2026 12:11
b692f223-a753-43de-a9ff-cdc0ae963ed3,gaussian.luxe,available,27.99,27.99,high,low,8,name.com,,,18/08/2026 20:52
95b648d5-c048-4ac8-97fc-347fd4928085,dore.luxe,available,19.49,19.49,high,low,4,namesilo,,,01/10/2026 10:12
0bd31ddd-056f-483b-a734-8e244253897a,fought.luxe,available,19.49,19.49,high,low,6,namesilo,,,
bf11c049-63a6-4ce4-924e-d993cce3ece0,conic.luxe,available,27.99,27.99,high,low,5,name.com,,,12/08/2026 20:39
5bdcbdfc-7786-43b2-beab-35dc24b6aeec,greetings.luxe,available,15.73,15.73,high,low,9,spaceship,,,01/10/2026 18:03
d891f659-74e5-4c22-85c2-3bd455e42d66,revered.luxe,available,19.49,19.49,high,low,7,namesilo,,,27/09/2026 14:02
9ce86029-a945-4ec4-8a44-cc43ac30177c,somme.luxe,available,19.49,19.49,medium,low,5,namesilo,,,22/09/2026 16:09
dd863876-3b0f-49d1-883a-5df5894e3ec7,bedouin.luxe,available,19.49,19.49,high,low,7,namesilo,,,22/09/2026 23:26
aa50b76a-ffca-4411-bf70-bb94e5874376,bowler.luxe,available,15.73,15.73,medium,low,6,spaceship,,,01/10/2026 18:46
94533b4e-7db8-48a8-a9f2-564cc343f412,isle.luxe,premium,207.2,15.73,high,low,4,spaceship,,,30/09/2026 00:26
5771c9ec-209a-48d2-865c-cf789b7275d0,uneducated.luxe,available,19.49,19.49,medium,low,10,namesilo,,,12/09/2026 08:53
389130fc-2839-4d30-bea5-1972a8fd82cf,andvari.luxe,available,19.49,19.49,medium,low,7,namesilo,,,19/09/2026 05:02
283e66a7-a97f-4324-90d4-d48f494fd81e,lng.luxe,premium,242,17.7,high,low,3,namesilo,,,28/09/2026 13:00
7483062f-bada-479f-b58b-bfa2d7a75a68,restructuring.luxe,available,19.49,19.49,medium,low,13,namesilo,,,02/10/2026 00:04
5089ee31-76ac-434a-af2a-a3eb347e4e38,mer.luxe,premium,854,17.7,high,low,3,namesilo,,,03/10/2026 02:36
bf9d616d-363b-44a0-aa63-42577780e595,antares.luxe,available,19.49,19.49,medium,low,7,namesilo,,,19/09/2026 12:34
38cbbe74-056a-495a-817c-87106bce7223,archetype.luxe,available,19.49,19.49,high,low,9,namesilo,,,20/09/2026 02:02
00cbd280-a5e1-4161-81e5-50971831f2a0,university.luxe,premium,2183.84,16.9,high,low,10,porkbun,,,01/10/2026 08:47
3552359d-2ce4-4713-bc00-898e2a4ac847,subacid.luxe,available,19.49,19.49,medium,low,7,namesilo,,,10/09/2026 23:22
474c16b8-f1de-49ac-8ab6-ff284c855d4d,rapper.luxe,available,15.2,15.2,high,low,6,cloudflare,,,30/09/2026 09:22
dd61970a-cc2d-44fc-937e-366d8d7b9edf,darlene.luxe,available,15.73,15.73,high,low,7,spaceship,,,30/09/2026 21:02
a03ec896-c657-47df-9526-eb7b846d89ad,experiencing.luxe,available,15.73,15.73,high,low,12,spaceship,,,28/09/2026 13:20
04bbf4a3-591c-472e-a693-0bf969ee79e5,ucla.luxe,available,19.49,19.49,high,low,4,namesilo,,,25/09/2026 15:03
4dd3a24d-7d10-438b-a80a-9158a4df33a4,corral.luxe,available,19.49,19.49,high,low,6,namesilo,,,02/10/2026 14:36
86f25a19-e76a-4be5-a4c4-fefa39ff0715,rendered.luxe,available,15.2,15.2,medium,low,8,cloudflare,,,29/09/2026 05:08
cb60a7fc-ad37-4261-9963-0586a0879221,blamed.luxe,available,19.49,19.49,medium,low,6,namesilo,,,10/08/2026 12:39
13d70674-e416-4ff1-bf24-b305a36e3fb0,glimpse.luxe,available,19.49,19.49,high,low,7,namesilo,,,24/09/2026 18:42
e8f46891-883e-4a10-b9a0-3529c9e4f9df,propane.luxe,available,15.96,15.96,high,low,7,porkbun,,,01/10/2026 21:22
1801df04-f082-4033-963d-f532b1abe5c3,finicky.luxe,available,19.49,19.49,medium,low,7,namesilo,,,18/08/2026 04:58
21464151-b198-42d3-823b-d469d1b86bfb,audubon.luxe,available,19.49,19.49,medium,low,7,namesilo,,,21/09/2026 03:14
9cabb5ce-0b29-4867-925b-f4ff1dc2c43b,invite.luxe,premium,500,,high,low,6,name.com,,,30/09/2026 00:22
0c14aec6-d55d-4a41-a588-f88a68f0e64f,yates.luxe,available,19.49,19.49,high,low,5,namesilo,,,25/09/2026 16:03
edff3c11-1d04-436f-971e-3b4e36c9e4e1,ideals.luxe,available,15.73,15.73,medium,low,6,spaceship,,,29/09/2026 05:10
7f6590b6-5254-4c71-bf4d-6d2b53691897,kelly.luxe,premium,96,17.7,high,low,5,namesilo,,,25/09/2026 05:33
ca522e05-3a52-4566-983e-d3a65c4646c2,fourteenth.luxe,available,19.49,19.49,high,low,10,namesilo,,,
04276212-d131-448d-bb68-78f1d59ce38b,lapse.luxe,available,16.27,16.27,high,low,5,dynadot,,,27/09/2026 14:20
9e11e10d-755b-4547-a100-8d32a02f2965,doc.luxe,premium,242,17.7,high,medium,3,namesilo,,,24/09/2026 16:30
dafb35b5-e9aa-4e1b-a6c4-fce54962af25,janitor.luxe,available,15.73,15.73,medium,low,7,spaceship,,,28/09/2026 19:32
bb6400a3-06da-441e-b054-d9f2c10e9075,deaf.luxe,available,27.99,27.99,high,low,4,name.com,,,13/08/2026 19:42
ad8239dc-7aa3-4018-968b-dc464e05690a,muhlenberg.luxe,available,19.49,19.49,medium,low,10,namesilo,,,02/10/2026 01:03
cfd9fd77-4761-4af4-82b1-96b145425e5a,martinsburg.luxe,available,19.49,19.49,medium,low,11,namesilo,,,02/10/2026 10:33
c32f420b-f8a8-4e1c-9007-90483cef1aaa,prohibit.luxe,available,15.96,15.96,high,low,8,porkbun,,,30/09/2026 10:37
6f998373-c8c1-42d8-b359-b15440c0dc7f,prediction.luxe,available,19.49,19.49,high,low,10,namesilo,,,29/09/2026 00:58
b8cf5ac0-be23-4a54-989e-d972aebd6965,oldfield.luxe,available,19.49,19.49,medium,low,8,namesilo,,,22/09/2026 06:52
0e885c24-da6d-4a8d-8352-dc8ac9d6a317,winifred.luxe,available,19.49,19.49,medium,low,8,namesilo,,,28/09/2026 21:52
6d62eb7a-013d-444e-948e-cf17007a3e3d,latrobe.luxe,available,19.49,19.49,medium,low,7,namesilo,,,23/09/2026 08:20
a901728e-f66d-4947-91eb-17c754900541,forests.luxe,available,19.49,19.49,medium,low,7,namesilo,,,18/09/2026 06:04
849a5990-6d8b-40c2-9077-7e1e7db2cf30,expelled.luxe,available,16.27,16.27,low,low,8,dynadot,,,28/09/2026 12:50
abe873c2-a2a1-47c4-9c42-51a674f3486c,optionally.luxe,available,15.96,15.96,medium,low,10,porkbun,,,28/09/2026 16:29
40713b46-64e8-4ef6-9d2a-c740de160da5,tricked.luxe,available,15.73,15.73,medium,low,7,spaceship,,,29/09/2026 23:35
963b0479-750e-4238-b83b-0f205dcbc10c,wordless.luxe,available,19.49,19.49,medium,low,8,namesilo,,,03/09/2026 11:53
5ce3e328-d69a-4ba5-9a12-6564287ca44b,mir.luxe,premium,220,16.27,high,medium,3,dynadot,,,02/10/2026 17:31
87fa90e8-d34d-49d2-8869-edd26f084269,gabriele.luxe,available,15.96,15.96,medium,low,8,porkbun,,,30/09/2026 21:12
5a0441c1-bc19-49c1-a5e0-64632db4b73f,rarefy.luxe,available,19.49,19.49,medium,low,6,namesilo,,,07/08/2026 15:31
a9355f6d-f886-4807-98ae-4ed0e888d365,lotic.luxe,available,19.49,19.49,medium,low,5,namesilo,,,24/08/2026 10:00
17e1f27c-4b63-4523-9462-aedeea299106,shaking.luxe,available,15.2,15.2,medium,low,7,cloudflare,,,28/09/2026 09:33
95b71d0c-3b64-46e6-91f5-27f5e28766ca,episode.luxe,available,15.2,15.2,high,low,7,cloudflare,,,29/09/2026 18:15
f3bc8d83-69bc-4df7-904a-81474a7d8b04,ingrained.luxe,available,19.49,19.49,high,low,9,namesilo,,,13/08/2026 22:49
ff8057e8-e82e-4e38-9f56-be135f306ef7,sportsperson.luxe,available,19.49,19.49,high,low,12,namesilo,,,16/09/2026 08:58
f1844777-ec40-4bd2-b9d9-aee143fe0a47,larissa.luxe,premium,,,medium,low,7,,,,01/10/2026 23:44
3c092ff2-2625-430e-900c-144c3f022de7,winds.luxe,available,19.49,19.49,medium,low,5,namesilo,,,27/09/2026 22:44
0ef899a0-b589-41c6-8a5d-367ec7e21a2c,silhouette.luxe,available,16.27,16.27,high,low,10,dynadot,,,02/10/2026 16:47
f3b1f7b6-9d21-4eb9-a56d-fb636fb11826,rates.luxe,premium,,,high,low,5,,,,28/09/2026 10:47
6c5c71ff-3623-492b-9c3c-3ec5e634d86f,wysiwyg.luxe,available,19.49,19.49,high,low,7,namesilo,,,13/09/2026 13:51
cdd69ded-5f13-4a02-93cd-920a5d33fc1f,mayhap.luxe,available,19.49,19.49,medium,low,6,namesilo,,,15/09/2026 13:45
ae03729b-b003-4db0-b961-b7bd12e02398,petrol.luxe,available,15.73,15.73,high,low,6,spaceship,,,30/09/2026 09:53
b3019dbf-f6c7-42dc-b6d2-97325d33bc31,enos.luxe,available,19.49,19.49,medium,low,4,namesilo,,,01/10/2026 08:05
77c9a124-d9a9-4bb3-89a0-c6abf02df5b9,notwithstanding.luxe,available,19.49,19.49,medium,low,15,namesilo,,,
429b1f96-3587-4c3f-a876-4782a92ad9df,food.luxe,resell,,,high,medium,4,"GoDaddy.com, LLC",04/05/2021 21:26,04/05/2027 21:26,01/10/2026 22:52
cf96b173-b4e2-4ebd-a4db-7bbdc907cced,engineering.luxe,available,15.73,15.73,high,low,11,spaceship,,,02/10/2026 00:14
d11b7c17-a849-4ec7-b85b-d9c6a466ac5c,bbc.luxe,available,19.49,19.49,high,medium,3,namesilo,,,19/09/2026 05:43
26307596-67f0-47a8-ad58-d3f45bf30ce1,downgrade.luxe,available,19.49,19.49,medium,low,9,namesilo,,,24/09/2026 23:39
fd536ae3-eaa7-476a-ae10-cdbf0b704089,birdcage.luxe,available,,,high,low,8,,,,23/09/2026 20:32
376c3c89-6d34-4138-bf4a-e7b9cda4c1d5,latent.luxe,available,19.49,19.49,high,low,6,namesilo,,,22/08/2026 20:30
518da6b8-9d88-462c-8ad2-c9a6fb59e510,impatient.luxe,available,19.49,19.49,medium,low,9,namesilo,,,21/08/2026 21:53
755e2a21-1097-4768-ac7e-460dd789207e,biggin.luxe,available,19.49,19.49,medium,low,6,namesilo,,,23/09/2026 15:08
707d541f-8f62-4e4b-9fff-ff8fbe7ec749,juxtaposed.luxe,available,19.49,19.49,medium,low,10,namesilo,,,22/08/2026 15:00
f51198b6-bab8-4063-b40e-6b76f1444bda,fairies.luxe,available,15.73,15.73,medium,low,7,spaceship,,,30/09/2026 06:26
5733de83-f77f-4982-b2f1-78005ccb2232,borden.luxe,available,15.2,15.2,high,low,6,cloudflare,,,28/09/2026 07:29
c4627b9f-5188-46c6-999d-5a2703a66c3d,shuttle.luxe,available,15.73,15.73,high,low,7,spaceship,,,27/09/2026 15:53
be1fdf95-4652-4b62-b486-0a8e6bd3f7cb,cumbria.luxe,available,15.2,15.2,medium,low,7,cloudflare,,,01/10/2026 01:39
57845e9b-5ad6-4f8d-b6e0-d1b6644dcb46,sultrily.luxe,available,19.49,19.49,medium,low,8,namesilo,,,16/09/2026 01:00
9ca9f0c5-6082-42b9-8240-731e9584d88d,resistance.luxe,available,19.49,19.49,high,low,10,namesilo,,,12/09/2026 07:26
482ccf87-e133-434c-b7e6-80b2f9581d52,animate.luxe,premium,512,17.7,high,low,7,namesilo,,,22/09/2026 04:47
350e2d92-1cf6-497d-9cd9-8228c73c664b,hie.luxe,available,,,medium,low,3,,,,09/09/2026 19:49
9c5c5992-01b3-4553-a778-f21c15c46633,abounding.luxe,available,19.49,19.49,high,low,9,namesilo,,,
49d98260-f7a3-4735-8412-20b90f554154,autumn.luxe,premium,242,17.7,high,low,6,namesilo,,,28/09/2026 23:31
bb0b0b4b-309b-4a29-91d0-044c8121486d,defiled.luxe,available,19.49,19.49,medium,low,7,namesilo,,,13/08/2026 23:24
4465b26f-f5fd-499f-a663-101a873bf854,ensuing.luxe,available,19.49,19.49,medium,low,7,namesilo,,,17/08/2026 09:51
c5c60c85-e578-4f44-ba9a-d8efee4831a3,weight.luxe,available,19.49,19.49,high,low,6,namesilo,,,19/09/2026 19:07
cc1e0b39-55bc-4a59-8026-737a52041800,gratis.luxe,available,27.99,27.99,high,low,6,name.com,,,20/08/2026 18:35
61f1a041-4f2f-4010-ad2c-64193ea51a9a,insufficient.luxe,available,19.49,19.49,medium,low,12,namesilo,,,01/10/2026 04:49
7f2b2876-a276-4faf-869c-8652393df925,dejected.luxe,available,19.49,19.49,medium,low,8,namesilo,,,14/08/2026 00:19
d4f46c19-66cf-4141-b4b8-82129fca8f23,inevitable.luxe,available,19.49,19.49,high,low,10,namesilo,,,25/09/2026 09:24
73e0a887-3b7e-43f8-8d57-f60741608c69,quietly.luxe,available,,,high,low,7,,,,09/09/2026 08:49
8aa15bd3-9e85-4c88-ad70-e110c5bb6bb3,vila.luxe,available,19.49,19.49,high,low,4,namesilo,,,24/09/2026 12:33
2eced85a-a497-482c-bb5c-9cdc910087dd,venal.luxe,available,19.49,19.49,medium,low,5,namesilo,,,11/08/2026 03:46
7b63c111-7b59-4bb2-81a9-d16655b5a37d,trips.luxe,premium,854,17.7,medium,low,5,namesilo,,,27/09/2026 22:50